user_id,text_id,pred_valence,pred_arousal
3,256,1.5246606,0.6307473
3,257,0.74478596,1.0014597
3,258,0.54431325,1.0804758
3,249,-0.12317239,0.87423116
3,250,-0.50645703,0.56240726
5,290,0.43162647,0.46586394
5,291,-0.32369533,1.3458549
5,292,0.5484331,1.5085838
5,293,-0.1846906,1.4963633
5,294,-0.29138312,1.1531649
5,295,-1.0860881,0.8602195
5,296,-0.82829374,0.74905515
5,297,0.073241964,1.4198376
5,298,-0.92859787,0.38825965
5,299,-0.6720157,1.4054713
5,300,-0.34604612,1.0513301
5,301,-0.8984252,0.48374307
7,349,0.2712656,1.2063062
7,350,-0.96956956,0.52286315
9,390,0.9230798,0.8942715
9,391,-0.20261665,0.2714673
9,392,1.0163989,0.9504892
9,393,0.65549636,0.7281141
9,394,1.2896938,0.9527807
10,411,1.6401387,0.70163083
10,412,1.090085,0.673935
10,413,0.36219567,0.30519855
12,575,0.9981396,1.0521502
12,576,1.4877955,0.7645314
12,577,0.7381753,1.2131168
13,607,-0.6269494,0.46050197
13,608,-0.28942776,1.216317
13,609,0.6887087,1.1936853
13,610,-0.7189048,1.140768
13,611,1.037784,0.55868554
13,612,0.25436535,0.7942766
13,613,-0.3155532,0.949644
13,614,-0.15360057,1.1596221
13,615,0.2896825,1.0278511
13,616,-0.6947457,0.35078996
13,617,-0.55846304,0.8736248
13,618,0.0011756942,0.71859026
17,1090,-0.5032788,0.6326274
17,1091,1.3569129,0.66905504
17,1092,-0.5224242,0.5671271
17,1093,-0.9814182,0.5036973
17,1094,0.8399208,1.2677524
17,1095,0.7752688,1.0619503
17,1096,0.52829164,0.4205544
17,1097,1.0562774,0.82741755
17,1098,0.5985686,0.9645023
17,1062,0.62997687,1.1376128
17,1063,1.504528,0.41825533
17,1064,-0.73261863,0.6392127
17,1065,1.1492474,0.7423878
17,1066,-0.097678564,1.4027518
17,1067,0.8121822,0.9030214
17,1068,1.398394,0.49909598
17,1069,1.3292804,0.47697186
17,1070,-0.83010453,0.7243338
17,1071,-0.030992331,0.92548466
17,1072,0.22505665,0.5248834
17,1073,1.1138757,0.6358333
17,1074,-0.68284374,1.1507497
17,1115,-1.0352631,0.69800746
17,1116,-0.2031082,1.1326661
17,1117,-0.5011134,0.5598479
17,1118,-0.7140834,1.1111931
17,1119,0.7674146,0.38620204
17,1120,0.3951901,0.6171456
17,1121,0.42086726,0.5292049
17,1122,1.3564193,0.38310283
17,1123,0.6119021,0.59743285
17,1124,1.1305128,0.8931319
17,1125,0.23819709,0.7849416
17,1126,1.1415355,0.8468068
17,1127,1.5333194,0.35630566
17,1128,0.43736994,0.7653875
17,1129,1.4729629,0.58827674
17,1130,-0.5076489,0.5216723
17,1131,0.37930924,1.0193471
17,1132,1.4269791,0.53496176
17,1133,0.23585474,0.81957084
17,1134,1.0844425,0.78272647
17,1135,-0.60806525,0.34258556
17,1136,-0.4662997,0.60689765
17,1137,1.3652678,0.4942963
17,1138,0.71018183,0.68800116
17,1139,0.2134752,0.49181378
17,1099,1.2685506,0.57827497
17,1100,-0.7063479,0.45934534
17,1101,-0.5361072,0.40086967
17,1102,1.5435078,0.41490418
17,1103,-0.81902117,0.3034316
17,1104,1.4390768,0.4701631
17,1105,1.5716532,0.33987677
17,1106,0.5610652,0.65560204
17,1107,-0.86232626,0.34353787
17,1108,1.4396857,0.7305833
17,1109,0.24408078,0.93988127
17,1110,1.405415,0.5218138
17,1111,0.035830747,1.090294
17,1112,0.86702776,1.1381818
17,1113,-0.6191626,0.7041248
17,1114,0.9605504,0.86439925
17,1155,1.1345258,0.61102736
17,1156,1.5116043,0.40579158
17,1157,1.0550686,0.50770396
17,1158,1.5729679,0.33829886
17,1159,-0.46405786,0.5718856
17,1160,-0.7719308,0.7796486
17,1161,-0.68457353,0.9724353
17,1162,-0.9267153,0.32215825
17,1163,-0.12831205,0.5285637
17,1164,-0.51718295,0.20849872
17,1165,-0.7125937,0.8909266
17,1166,0.0153437145,0.3658455
17,1167,-0.35630485,0.6668185
17,1168,-0.52740294,0.3127069
17,1169,-0.9379161,0.57312226
17,1170,-0.74257207,0.6669711
17,1171,0.13668507,1.0929595
17,1172,0.152198,0.57489085
17,1173,-0.28915796,0.5688718
17,1174,-0.4751345,0.34239835
17,1175,-0.5022261,0.38369948
17,1176,-0.9320179,0.8243728
17,1177,-0.88691324,0.37246966
17,1178,-0.92921275,0.54998285
17,1179,0.6966292,0.6442634
17,1180,-0.86726785,0.68281597
17,1181,-0.38089648,0.72868013
17,1140,-0.95255786,1.0255358
17,1141,1.0442766,0.66171205
17,1142,-0.25725606,0.69651544
17,1143,0.11603655,0.96464705
17,1144,-1.0733068,0.77575326
17,1145,-0.5807279,0.39197683
17,1146,-0.7695453,0.38476354
17,1147,-0.7623466,0.27000943
17,1148,0.7358206,0.7601096
17,1149,0.7147742,0.7626189
17,1150,-1.0123706,0.48497242
17,1151,-0.6262731,0.36305934
17,1152,0.25373918,0.7383083
17,1153,0.72002,0.5975574
17,1154,0.7424626,0.7539747
18,1302,1.670195,0.9945449
18,1303,1.385467,0.51228106
18,1304,1.6591982,0.44090962
18,1286,1.5528919,0.6814529
18,1287,1.7134598,0.74216104
18,1288,1.7161726,0.62377036
18,1289,1.774541,1.069393
18,1290,1.7536285,0.84117496
18,1291,1.8162969,0.9825998
19,1313,-0.096505225,1.1867234
19,1314,0.92212725,1.1175528
19,1315,1.015085,0.5009729
19,1316,-0.85669124,0.47013727
20,1319,0.62500703,1.4599757
20,1320,1.2366222,0.9839919
22,1328,-0.74316925,0.97530395
22,1329,-0.313368,1.2935182
22,1330,-1.516669,1.1013294
22,1331,-1.3686373,1.0497193
22,1332,1.1175847,0.5950052
22,1327,-1.3218521,0.80343723
23,1348,0.49020496,0.9063847
23,1336,0.6481396,1.1962099
23,1337,0.41031808,1.3250036
23,1338,-0.7219009,0.7077182
23,1339,0.085928574,1.2382227
23,1340,-0.7647314,0.92868286
24,1415,-0.8578666,0.25456715
24,1416,-0.521449,0.33603945
24,1417,-0.39170665,0.25775757
24,1418,-0.9323127,0.5343306
25,1490,-0.48601297,0.8782277
25,1491,0.29837885,0.13755761
33,2209,-1.0085816,0.4740583
33,2210,-1.1299137,0.23834625
33,2211,-0.49368772,0.7428213
33,2212,-0.99691576,0.3680827
33,2213,-1.6701165,0.06957592
33,2214,-1.0519804,1.1430343
33,2215,-1.6474485,0.07248545
33,2176,0.3651514,0.5197971
33,2177,0.23485121,0.7575445
33,2178,1.3537235,0.8522389
33,2179,0.16584972,1.0992658
33,2180,-0.8133197,0.5497686
33,2181,-0.5107267,0.44044444
33,2182,-0.7825538,1.1988012
33,2183,-1.1571875,1.0234514
33,2184,-1.2051805,0.43506342
33,2185,-1.3277314,0.6209367
33,2186,-1.4284856,0.5210497
33,2187,-1.6351929,0.4208095
33,2188,-1.3569647,0.06487942
33,2189,-1.6265389,0.2631662
33,2190,-1.47722,0.27381626
33,2191,-0.6284898,0.95559675
33,2192,-1.3670224,0.81259483
33,2233,-0.8964924,1.5432644
33,2234,-1.6913983,0.21068382
33,2235,-1.5634261,0.13654982
33,2236,-1.5530864,0.33066228
33,2237,-1.6613367,0.11936073
33,2238,-1.587814,0.22293201
33,2239,-1.6228172,0.064520165
33,2240,-1.2297176,0.5221017
33,2241,-1.144843,0.19051927
33,2242,-1.4717503,0.13328162
33,2243,-0.1696973,0.6258538
33,2244,-1.1453148,0.89811635
33,2245,-1.2263564,1.0749321
33,2246,-1.5975108,0.1411323
33,2247,-1.544598,0.20374939
33,2248,-1.061255,0.8835335
33,2249,-0.26323393,0.63643056
33,2250,-0.8313228,1.5153662
33,2251,-1.521179,0.2923524
33,2252,-1.2989843,0.59751916
33,2253,-1.5401183,0.1957653
33,2254,-1.5330194,0.10410605
33,2255,-1.2195185,0.8838258
33,2256,-0.7628372,0.76096594
33,2216,-1.5803936,0.34228194
33,2217,-1.089204,0.8599693
33,2218,-0.37681797,0.1578762
33,2219,-1.0906079,0.5309118
33,2220,-0.869774,0.47194257
33,2221,-1.5197451,0.46733677
33,2222,-0.85349625,1.343179
33,2223,-1.1273006,0.91299975
33,2224,-0.5809833,1.4033902
33,2225,-0.9620363,0.7642719
33,2226,-1.4072828,0.22695106
33,2227,-1.6228172,0.064520165
33,2228,-1.6762536,0.13231806
33,2229,-1.1358858,0.9483646
33,2230,-0.5396255,1.341112
33,2231,-0.7059439,1.492494
33,2232,-1.6604058,0.101034984
33,2272,-1.5795863,0.22410318
33,2273,-1.6918507,0.2025799
33,2274,-1.5359507,0.5507144
33,2275,-1.3644199,0.9323576
33,2276,-0.8602819,1.1173432
33,2277,-1.4280897,0.32188198
33,2278,-1.205282,0.7592262
33,2279,-1.2339215,0.52282983
33,2280,-0.72678846,1.407482
33,2281,-1.5844547,0.36856413
33,2282,0.31836033,0.7796693
33,2283,-0.964404,0.06205069
33,2284,-1.6562383,0.12881441
33,2285,-1.4597558,0.3342666
33,2286,-1.5682877,0.21308564
33,2287,-1.0904616,0.016990539
33,2288,-1.2208682,0.8784472
33,2289,-1.260603,0.05787864
33,2290,0.5953096,0.28934285
33,2291,-1.5964048,0.17450528
33,2292,-1.1933886,0.4103618
33,2293,-1.2340636,1.3153738
33,2294,-1.3252056,0.14380646
33,2295,-1.6972443,0.20251687
33,2296,-1.5392233,0.4501309
33,2297,-1.5736676,0.20893434
33,2298,-1.322844,0.8268222
33,2257,-1.5735981,0.49229822
33,2258,-1.597766,0.2740456
33,2259,-1.4932739,0.818469
33,2260,-1.5186785,0.3217188
33,2261,-1.5057131,0.13221137
33,2262,-1.4844058,0.15025708
33,2263,-1.5088367,0.29700023
33,2264,-0.7725253,0.6678173
33,2265,-1.4029689,0.2308524
33,2266,-0.7996976,0.4935306
33,2267,-0.5582253,1.426543
33,2268,-1.4913005,0.2695956
33,2269,-0.14363864,0.5300588
33,2270,-1.6063554,0.092981994
33,2271,-0.84307384,1.5377413
34,2367,-0.8624001,1.0809157
35,2410,0.8596878,1.3768047
35,2411,0.6012655,0.9921648
37,2548,1.3409746,0.8991594
37,2549,0.8174642,1.1354203
37,2550,-0.8033095,0.32191777
37,2551,0.8788769,0.9544893
37,2552,0.94999,1.0383873
37,2553,-0.4127406,1.1419985
37,2554,-0.5906813,0.95877683
37,2555,0.6074705,1.0943322
37,2556,-0.70496184,1.0130347
37,2557,0.7224419,1.0524336
37,2558,-0.8899229,0.7014363
37,2559,1.2670043,0.9169372
37,2560,1.1474726,0.946184
37,2561,-0.5812899,0.89445853
37,2562,-0.8056437,1.2904313
37,2563,0.07570684,1.3604121
37,2564,1.3162134,0.7759223
37,2565,1.3458828,0.777273
42,3830,0.8118925,0.9455681
42,3831,-0.060691908,1.4926176
42,3832,0.88876486,0.5438947
42,3833,0.5933639,1.093722
43,3994,-0.69581765,0.89617145
43,3995,-0.8659815,0.5162181
43,3988,-0.6126513,0.85161644
43,3989,-0.7037876,1.252345
48,4821,-0.92806697,0.8473486
48,4822,0.6220286,1.0097765
48,4823,-0.7797277,1.1618781
49,4873,0.87404287,1.068718
49,4874,0.05044867,0.84050375
49,4875,-0.23834276,0.55346364
49,4876,-0.93692,0.43954676
49,4878,-1.141246,0.4766064
49,4879,-0.025696602,1.3517231
49,4880,-1.1152453,0.45007193
49,4881,-0.43474254,0.98528534
49,4882,1.8050451,0.84584576
49,4883,0.67683446,1.0822846
49,4884,0.026364736,0.9082884
49,4885,0.58995205,1.1675287
49,4877,-0.43474254,0.98528534
49,4887,-1.1852617,0.72225887
49,4888,-1.138196,0.3880476
49,4889,-1.5644163,0.22893569
49,4890,-0.50418377,1.1227883
49,4891,-1.1197046,0.8914406
49,4892,-1.0983263,0.82172054
49,4893,-1.3829796,0.5420127
49,4886,-1.2875239,0.77539694
49,4905,-1.0263269,1.026812
49,4906,-1.1095396,0.66550744
49,4907,0.19195548,1.4320451
49,4908,-0.28380013,1.279594
49,4909,1.0929389,1.1299816
49,4910,-0.062966034,1.2749466
49,4911,-0.2272784,1.1684117
49,4912,-0.638731,1.0935245
49,4913,0.8126817,0.5383831
49,4914,0.55165255,1.1824834
49,4915,-1.265306,0.64036214
49,4916,-0.92531306,0.5475123
49,4917,-0.8489838,0.7282588
49,4918,0.049082354,1.2201912
49,4919,0.59850895,1.1936554
49,4920,0.80058074,0.98114425
49,4894,0.066116184,1.3643534
49,4895,-0.8829352,0.7460854
49,4896,-1.4058182,0.349141
49,4897,-0.52019674,0.6354874
49,4898,-1.4338121,0.22593603
49,4899,0.83742285,1.2354997
49,4900,0.3865074,1.335413
49,4901,-0.28129023,1.3602141
49,4902,-0.433322,0.46268678
49,4903,0.5318237,1.2469056
49,4904,-1.1991923,0.4736173
49,4932,1.6992463,0.98779076
49,4933,-1.3205324,0.40749842
49,4934,-0.00661698,0.6613372
49,4935,0.46887797,1.1611701
49,4936,0.7230201,1.1729108
49,4937,-0.572127,1.3348919
49,4938,-1.5114207,0.3094147
49,4939,-1.3360136,0.674828
49,4940,-0.55008364,0.6412761
49,4941,-1.4210247,0.41120034
49,4942,-1.0018067,0.4653404
49,4943,-1.0224537,0.6136354
49,4944,-1.0932664,0.6243896
49,4945,-1.1832559,0.7004614
49,4946,-0.9404917,0.6139214
49,4947,-0.36299106,1.21494
49,4948,0.15870899,1.2930502
49,4949,-0.3210563,1.2059084
49,4950,-0.43821794,1.4898822
49,4951,-0.40660286,1.1546776
49,4952,-1.356262,0.37510276
49,4953,-0.33679152,1.413149
49,4954,-1.0251667,0.6114388
49,4921,-1.5655848,0.1976549
49,4922,-0.80777365,1.3864446
49,4923,-0.2483057,1.1518883
49,4924,-0.18780136,1.11155
49,4925,-1.4842321,0.2982765
49,4926,-0.48759243,1.1744337
49,4927,0.19669521,1.1675878
49,4928,-0.36720806,1.1332705
49,4929,1.2331252,1.173294
49,4930,-0.18780136,1.11155
49,4931,-1.4340959,0.43262535
53,5224,1.7162715,0.751835
53,5225,1.7250414,1.2259612
53,5226,-1.2768096,0.258413
53,5227,1.2631648,1.420332
53,5228,1.6246595,0.9919185
53,5229,1.1917002,0.2799781
53,5245,0.57034147,0.8648213
53,5246,1.3734406,0.3113222
53,5247,1.1593572,0.6027268
53,5248,-0.120238855,0.26784143
53,5249,1.4407574,0.4134006
53,5250,1.6250058,0.9016321
53,5251,-0.43057686,0.43369418
53,5252,1.0426586,1.0949075
53,5253,-0.54216623,0.5688061
53,5254,1.296146,0.68525636
53,5255,-0.04082842,0.84786105
53,5256,1.5148355,0.83148926
53,5257,1.6412295,0.91948336
53,5258,1.5885012,1.294591
53,5259,1.7475866,0.89737046
53,5260,1.7971423,1.0126345
53,5261,1.7971423,1.0126345
53,5262,1.589593,0.3194136
53,5263,1.2156782,0.19942707
53,5230,-0.2067429,0.27795833
53,5231,0.071000904,1.1806754
53,5232,-0.23384611,0.34238183
53,5233,-1.1028552,0.42908514
53,5234,-0.09334788,0.87567455
53,5235,1.5442579,0.9124302
53,5236,-0.120238855,0.26784143
53,5237,-1.2588876,0.05419835
53,5238,-0.959316,0.23549408
53,5239,1.5198524,1.1158776
53,5240,1.6372217,0.44716987
53,5241,1.5007936,1.3159659
53,5242,-0.8243045,0.14335944
53,5243,-1.4071703,0.22747794
53,5244,1.7139769,0.75014174
54,3540,1.1576854,0.8933332
54,3644,1.2709041,1.3114852
54,3725,1.4790149,0.86831135
54,3834,1.3470182,0.86099684
54,3913,0.8469084,1.3467522
54,4016,1.1362808,0.95071656
54,4077,1.5190761,0.7517146
54,4164,1.4721141,0.7426559
54,4228,1.7114522,1.083347
55,4327,1.2888284,0.5337864
55,4428,1.3149537,0.8684123
55,4473,1.020881,0.9628118
55,4527,0.37789166,0.34900433
60,2588,1.5118895,0.6056832
60,2599,0.8223401,0.8013142
60,2610,1.4793675,0.68349296
60,2621,1.3152313,0.8004226
60,2632,1.473872,0.26184672
60,2643,1.7256693,0.50746256
60,2655,1.8041852,0.8980273
60,2666,1.5331223,0.65411526
60,2870,1.726114,0.9175719
60,2881,0.82278574,0.95827055
60,2891,1.2431933,0.50867903
60,2900,1.6800582,0.4979315
60,2911,1.3978934,0.50909173
60,2922,1.6306505,0.48671332
60,2933,1.4380506,0.73936224
60,2940,1.4312948,0.7543032
60,2942,1.129174,0.38434115
60,2952,1.4854878,0.34879717
60,2953,1.4773412,0.75967026
60,2959,1.0709988,0.37497136
61,3069,-0.19864175,0.50006944
61,3080,1.6537783,1.1309345
61,3091,-0.5674943,0.5965542
61,3102,0.16455144,0.7507895
61,3113,0.95811766,0.9026746
61,3124,-1.2439927,0.58056307
61,3136,0.51108223,1.0759388
61,3146,0.20708296,0.5873735
61,3157,-0.9348512,0.48323455
61,3168,1.58155,0.9299808
64,4710,1.7056972,0.54667825
64,4711,0.71765155,0.73469895
64,4712,0.33688858,0.6452528
64,4713,1.7146757,0.7153965
64,4714,1.1468167,0.56585467
64,4716,1.4976916,0.927211
64,4717,0.8629283,0.58261585
64,4718,1.0244333,0.6463127
64,4719,0.931325,0.60585815
64,4733,1.468228,0.4568259
64,4734,1.2684242,0.6473937
64,4735,0.37923774,1.1047839
64,4736,1.157592,0.46245816
64,4737,1.1022931,1.0847896
64,4738,1.7891403,0.8882314
64,4740,-0.2443758,0.54855233
64,4741,0.51882315,0.6416189
64,4742,1.5641367,0.7543928
64,4743,1.3748268,0.37525403
65,4744,0.28627798,0.8719218
65,4745,1.2581856,0.32302982
65,4746,1.1073534,1.2854488
65,4747,-1.1220757,0.5744105
65,4748,-0.43740588,0.24680477
65,4749,-0.87933946,0.66600776
65,4751,1.6347952,0.5742367
65,4752,0.93089736,0.6588232
65,4753,0.26569167,1.6585416
65,4754,1.2601018,0.87862945
65,4755,1.3099134,0.7076069
65,4756,1.0898739,0.83793813
65,4757,1.4070958,0.7110639
65,4758,1.5344574,1.1704059
65,4759,1.6617388,1.0341635
65,4760,1.4218093,0.78290194
67,4806,0.44243303,0.90247494
67,4807,-0.75990206,0.4803334
67,4808,1.4471229,0.30652523
67,4809,-0.2682082,0.9942117
67,4810,-0.7791199,0.3803482
67,4811,1.1552745,0.49739787
67,4812,-0.08730267,1.0034894
67,4813,1.4699175,0.3307187
67,4815,-0.72169703,0.39778483
69,4835,-1.1359516,0.51993227
69,4836,-0.30046433,1.5685507
69,4837,-1.5541668,0.46995243
69,4838,1.5248226,0.9507651
70,4840,1.5373056,1.042434
70,4841,1.740717,0.9291638
70,4842,0.34275898,0.89830965
70,4843,1.4940859,0.61050266
70,4844,1.3598834,0.6988344
70,4845,0.66742903,0.5027976
70,4846,-0.1452624,0.6365466
70,4847,1.2205842,0.6967344
70,4848,1.4824791,1.0056628
70,4849,0.092090756,0.87970865
70,4851,1.505574,1.0492939
70,4852,1.7020806,1.0585003
70,4853,0.38832575,0.8882766
70,4854,0.15640126,1.3183361
70,4855,0.7949364,1.1469212
70,4856,1.3098556,0.75726885
70,4857,0.69221765,1.1629561
70,4858,1.1105661,0.5283882
70,4859,1.0788474,0.665714
70,4860,-0.5719317,1.0641916
70,4861,0.5782008,1.4338304
70,4862,1.150464,0.83040905
70,4863,0.9986001,0.5913371
70,4864,1.6521689,0.90487564
70,4865,1.0265452,0.68186915
70,4866,1.2403907,1.0534313
70,4867,0.20441157,1.0381955
70,4868,0.40098777,1.2177032
70,4869,0.23048046,1.6149532
70,4870,0.78260946,0.6035758
70,4871,0.4414248,0.741213
70,4872,-0.36919153,1.0858787
70,4955,0.55116737,1.3328077
70,4956,-0.6355815,0.6658528
70,4957,1.3964703,0.38970077
70,4958,0.23841959,1.2014891
70,4959,0.9114573,0.87006444
73,5022,0.3038705,1.1899598
73,5023,-1.4536161,0.18900187
73,5024,-1.1173888,0.7635586
73,5025,-0.90929216,0.76221037
73,5026,-1.2231644,0.408967
73,5027,1.6295793,1.2635629
73,5028,-0.6623468,0.38096893
73,5029,-0.8788621,0.6707175
75,5062,-0.96473944,0.5349184
75,5063,-0.013475761,0.9300338
75,5064,-0.6542172,0.6980133
75,5065,-0.7454698,0.7576033
75,5066,-0.8374303,0.59971917
75,5067,-0.3732993,0.594453
75,5068,-0.6005477,0.62699443
75,5069,-0.7323627,0.85713893
75,5070,1.2889316,0.76201814
75,5071,1.4366027,0.5910743
75,5072,1.4271735,0.4617412
75,5073,1.1031212,1.1486934
75,5074,-1.456294,0.3185387
75,5075,-1.0878247,0.6158466
75,5076,0.032776117,0.8191321
80,5193,-0.33179685,0.9825161
80,5194,-0.081355944,1.3682445
80,5195,-1.682398,0.86307573
80,5196,-1.3125864,1.1755605
80,5197,0.55823094,1.2302656
80,5198,1.2451164,1.1471488
80,5199,-0.76133215,0.76909685
80,5200,0.008352108,0.8955454
80,5201,1.2354959,0.2465468
80,5202,0.82343054,0.7752175
80,5203,1.0490572,0.3885862
80,5204,0.19758388,0.83066463
80,5205,0.38251376,0.8818423
80,5206,0.0833182,1.3881817
82,5268,-0.91918945,0.5607471
82,5272,-0.7842825,0.4630236
82,5273,-0.8896284,0.36001313
82,5267,-1.324602,1.4320079
82,5269,-1.2640663,1.0112488
82,5270,-0.9044034,0.9797371
82,5271,0.85189503,0.2844216
82,5274,0.24607584,0.9851782
84,207,0.99569154,1.2950848
84,208,0.7985273,0.95048183
84,209,0.51147944,1.2830889
84,210,-0.076372035,1.154917
84,211,0.94867873,1.0903033
84,212,1.079687,1.1094148
84,214,1.326963,0.7141004
84,219,1.0459069,1.2105039
84,220,1.5410526,0.6702985
84,221,1.3927431,0.8325994
84,222,1.1770127,0.9719682
84,224,-0.1887253,1.4279538
84,225,0.90803266,1.2850718
84,233,0.1447862,1.5194553
84,235,0.81793356,0.7072429
84,236,1.2058015,0.9985774
84,237,1.5062187,0.7463179
84,239,1.3061328,1.0729045
84,213,1.2412518,1.2314554
84,215,1.2478194,0.14827366
84,217,-0.1417381,1.511978
84,218,0.86873865,1.3534629
84,223,0.469002,1.5126904
84,226,0.7458308,1.6215127
84,228,1.3772795,1.0749682
84,229,1.3853686,0.35607162
84,230,1.7853149,1.0708464
84,231,0.70494574,1.1973231
84,232,0.97972643,1.5234904
84,234,1.4843792,0.18135126
89,571,1.3370452,0.76047164
89,572,-1.09753,0.2892998
89,573,-0.8767454,0.40685928
89,574,1.3397917,0.70814866
89,579,-0.8590487,0.5839902
89,580,-0.9563971,0.46724993
89,581,-0.90755254,0.37697357
89,582,-0.06313069,1.5262954
89,583,-1.3960688,0.5634927
89,584,-1.6541917,0.112106726
89,585,1.3301029,1.0381321
89,586,-1.0800877,1.2304997
89,587,-0.88759625,0.23262417
92,690,-0.9198648,0.40489978
92,694,-1.0229642,0.5135423
92,695,-0.42104584,0.59096354
92,696,1.123802,0.6610281
92,697,-0.73487574,0.658862
92,698,-0.3982757,0.77505296
92,699,0.6510242,1.0055213
92,709,1.4111173,0.5709926
92,711,0.33753517,0.7729455
92,712,0.40092596,0.72017246
92,713,1.1177359,1.0121441
92,714,1.2876354,0.7595183
92,689,-0.30181545,1.1619195
92,691,0.28771865,0.563202
92,692,0.925352,0.18796217
92,693,-1.2145048,0.9195666
92,700,0.51996136,0.39868626
92,701,0.0545391,0.8430092
92,702,-0.98028404,0.55157876
92,703,-0.8603829,0.4976115
92,704,-1.3046753,0.62918085
92,705,1.5100877,0.443031
92,706,1.2991214,0.6130833
92,707,1.5737572,0.54205656
92,708,-0.028837789,1.7017579
92,710,1.6524162,0.68705493
92,715,1.2882212,0.08115335
94,970,0.4681539,0.78292435
94,971,-1.631086,0.054804865
94,1182,0.54643965,0.46768117
94,1183,-1.5406402,0.65577805
94,1184,0.72345597,0.4891884
94,1185,-0.6397395,0.7087887
94,1186,0.105275795,1.475023
94,1187,0.8050309,0.61511683
94,1188,0.9570373,0.2868093
94,1189,-0.63807994,0.5454388
94,1190,1.5794662,1.1531096
94,1191,-0.1631518,0.6214254
94,1192,-0.9809379,0.6032399
94,1193,-0.5905074,0.6258614
94,1194,-0.26361197,0.8447907
97,1257,-0.9875415,0.7772213
97,1258,-0.6274468,0.8787759
97,1259,0.18101913,0.5323913
97,1260,0.35135785,0.4228707
97,1261,1.7946018,1.0789349
97,1262,0.15192749,1.0118861
97,1263,-0.8563644,0.6936208
97,1264,1.2046275,0.8726905
97,1265,-1.3353039,0.97820574
97,1266,-1.3763663,0.9740719
97,1267,-0.92227435,0.37412506
97,1268,-1.0571749,1.0205693
97,1269,-0.5624323,0.5040944
97,1270,-0.4617929,1.010222
97,1271,0.5812088,1.1279544
97,1272,-1.0429987,0.68590975
97,1273,-0.22336717,0.9659772
97,1274,-0.7226739,0.97950643
97,1275,-0.930179,0.6225868
97,1276,0.5095836,0.9361429
97,1277,0.09374365,0.9700559
97,1278,-1.1284378,1.0923166
97,1279,-1.1034979,0.7532784
97,1280,-0.6083002,1.2338734
97,1281,-0.82048666,0.9457847
97,1282,-0.87700325,0.8338151
97,1283,-0.35251293,0.99164414
97,1284,-1.0679266,0.7163637
97,1285,-1.2748632,0.666522
97,1305,-0.71316975,1.5158066
97,1306,-0.9725112,0.60384685
97,1307,-0.2964934,0.3985696
99,1390,-0.73082155,0.45410916
99,1391,-0.054679085,1.5158567
99,1392,0.71263427,0.5350407
99,1393,-0.74448,0.36187232
99,1394,-0.8938879,0.8408508
99,1395,-0.14505677,0.7713988
99,1396,-0.6613067,0.8220216
99,1397,-0.9043166,0.39600205
99,1398,-0.9906761,0.44595283
99,1399,-1.0896707,0.78190196
99,1400,-1.4225677,0.33019605
99,1401,0.17584278,1.3469124
99,1402,0.85902154,0.21490158
99,1403,0.9464346,0.5262892
100,1404,0.5036806,1.0526435
100,1405,0.6070619,0.9794138
100,1406,1.3727303,0.6730812
100,1407,1.4336151,1.0666513
100,1408,1.0907099,0.5969377
100,1409,0.8647497,0.6465635
100,1419,1.3683648,0.47455493
100,1420,-0.9244085,0.6321027
100,1421,1.0015965,0.6139789
100,1422,1.2862513,0.43871325
100,1423,-1.5238076,0.16257112
100,1424,1.5670619,1.0853825
100,1425,-1.2123615,0.36633617
100,1426,-1.2170336,0.163294
100,1427,-1.4912591,0.108394
100,1428,1.5906352,1.1007942
100,1429,1.4545805,0.6370939
100,1430,0.634233,0.83124185
100,1431,-1.550444,0.19492531
101,1432,1.3603064,0.19253245
101,1433,0.50565463,1.0813227
101,1434,-0.44399583,1.2847404
101,1435,0.19116336,0.5130114
101,1436,-0.8362605,0.80682313
101,1437,1.4155421,0.28210387
101,1438,-1.0105736,1.1261288
101,1439,0.4815745,0.94701666
101,1440,1.0963733,1.0831871
101,1441,-0.55205774,0.61212516
101,1442,0.7173017,0.9045204
101,1443,0.47119132,1.1244575
101,1444,0.6123166,0.5058539
101,1445,1.4222025,0.280837
101,1446,1.308643,0.7458794
101,1447,1.308643,0.7458794
101,1448,0.11551227,0.98215115
101,1449,1.5504495,0.45189297
101,1450,1.4327741,0.89723045
101,1451,0.10658173,1.3780628
101,1452,1.7681295,0.8555779
102,1453,-0.98655736,0.40891427
102,1454,-0.38282105,0.8607947
102,1455,-0.5737881,1.2476729
102,1456,-1.6363952,0.40388364
102,1457,-0.9358306,0.46458596
102,1458,-0.38100606,0.63527673
102,1459,-0.89040756,0.44394344
102,1460,-0.90934926,1.251679
102,1461,1.0390372,0.92414516
102,1462,-0.33764908,1.0897509
102,1463,-0.6732382,0.3549273
102,1464,-0.83029026,0.5466136
102,1465,-0.17316629,0.9313103
102,1466,-1.4874947,0.6400255
102,1467,-0.10329908,1.3516346
102,1468,0.6343678,0.94339055
102,1469,0.69632596,0.850057
102,1470,1.3469799,0.5650731
102,1471,-0.8136688,0.36909968
102,1472,-0.5718579,0.1999001
102,1473,-0.66180545,1.3941954
102,1474,-0.1687291,1.4585693
102,1475,-1.5620339,0.13059856
102,1476,-0.9896384,0.48181903
102,1478,-1.0935525,0.19660892
102,1479,0.13591634,1.2623295
102,1480,-0.8846314,0.5550333
102,1481,-1.0682771,0.982024
102,1482,-0.959441,0.49418008
102,1483,-0.6785916,0.51701593
104,1565,1.0671782,1.1133163
104,1566,1.0242914,1.0311617
104,1567,1.2104952,0.26971045
104,1568,-0.52772903,1.6270005
104,1569,-0.8793228,0.85152143
104,1571,-0.20720027,1.0647604
104,1572,-0.12096648,1.008005
104,1573,0.36492157,1.2443929
104,1574,0.071986556,0.7303788
104,1575,0.52684325,1.2394
104,1576,-0.30651325,1.5321176
104,1577,0.9636651,0.8456411
104,1578,1.15911,0.8433645
104,1579,0.7738762,0.92909205
104,1580,-0.2059048,1.3275579
104,1582,1.5414532,0.74961656
104,1583,-0.1061905,1.1340034
104,1584,0.6674848,0.82826376
104,1585,0.24641335,0.89695734
104,1586,-0.46180084,0.899748
104,1587,0.910788,1.0756304
104,1588,1.0678692,0.88580537
104,1589,-0.88381714,0.19849034
104,1590,0.97655964,0.77064025
104,1591,-0.35414508,0.4193685
104,1593,-1.250227,0.2937526
104,1594,-0.26849353,0.21730152
104,1595,1.185032,0.43555543
104,1771,0.5197413,1.466961
104,1772,1.1006707,0.48970434
105,1796,-0.21983679,0.7073841
105,1798,-0.8303653,0.8937684
105,1799,-1.5593767,0.09654659
105,1800,-0.49400517,1.0152516
105,1801,-0.6535905,0.5637011
105,1802,-1.131385,0.47157997
105,1803,-0.84146285,0.5748668
105,1815,-0.4622011,0.5153891
105,1816,-1.2324157,0.7511742
105,1817,0.71303314,1.0683706
105,1818,-0.21773554,1.1317629
105,1820,-0.392192,0.4952298
105,1821,-1.5216446,0.3556307
106,1832,-0.32342124,1.1914788
106,1833,-0.35477683,0.81111205
106,1834,-0.6960045,1.3934579
106,1835,-1.2313129,0.3839543
106,1836,-0.71790063,1.1790055
106,1837,0.15969534,1.1607157
106,1838,-1.0507307,0.68660396
106,1839,0.0035955906,1.3265821
107,1859,-1.0016004,0.5498846
107,1860,-0.3835895,1.3756646
107,1861,-0.06480162,0.80502576
107,1863,-0.29998982,0.2976949
107,1864,-1.0185921,0.63926554
107,1865,-0.69250745,1.0772876
107,1866,-1.0397873,0.7471357
107,1867,-0.85349905,0.35321975
107,1868,-1.5260469,0.41790095
107,1869,1.0729753,0.7151489
107,1870,0.7634568,1.1429921
107,1871,-1.0791762,0.5498353
107,1872,-0.14460312,0.47322854
107,1874,0.5491424,0.97197247
107,1875,-1.6143018,0.08088173
107,1876,-0.18458551,1.6567074
107,1877,-1.5495495,0.44723362
110,1929,1.262587,0.6851829
110,1937,1.289467,0.469267
110,1939,0.92153484,0.85157365
110,1946,-0.86085594,1.0561292
110,1948,-0.9974927,0.44520485
110,1949,1.3153875,0.8177344
110,1950,-0.80479145,0.36451072
110,1955,1.5118321,0.69247925
110,1956,1.4062397,0.75502473
110,1958,-0.9762045,0.6449155
110,1959,0.546539,0.43233252
110,1960,-0.9740096,0.38591117
110,1967,1.4461081,0.7353216
110,1971,1.1327926,0.92503893
110,1930,0.53402543,0.7256244
110,1931,0.997478,0.19324204
110,1933,-1.400704,0.34623647
110,1934,1.4299494,0.99800104
110,1935,-0.5276948,0.8054644
110,1936,-0.7382444,0.54387665
110,1938,1.3312718,0.33820516
110,1940,1.3106674,1.3083398
110,1941,0.17667466,1.1646639
110,1942,-1.6678704,0.40078864
110,1944,1.4482394,1.0475128
110,1945,-0.02701769,1.4395055
110,1947,1.1364902,0.39753896
110,1951,1.6515014,1.0448416
110,1952,-0.94582313,0.6475174
110,1953,1.115862,0.21898463
110,1957,-1.6785185,0.17377293
110,1965,-1.0006745,0.42900756
110,1966,0.9571179,1.0739102
110,1968,1.4825782,0.6185727
110,1970,1.284876,1.1899495
110,1972,-0.9230934,1.3134391
111,1973,0.6626515,0.8213923
111,1974,-0.8393143,0.45134032
111,1975,0.25918978,1.1807784
111,1976,1.4614652,0.6787858
111,1977,0.5579399,1.1703115
111,1978,1.5197169,0.47233096
111,1979,0.3346315,1.2208751
111,1981,-0.050756954,0.5409363
111,1982,0.3164239,1.5806166
111,1983,1.1941258,0.26286587
111,1984,-1.640671,0.41805235
111,1985,0.29522285,0.46500838
111,1986,0.87439615,0.5957266
111,1987,1.746855,1.1429473
111,1988,-0.44037676,0.37678236
111,1989,0.013739955,0.57937676
111,1990,0.19132185,0.5404387
111,1992,-0.20066969,0.63941324
111,1993,-0.29176256,0.64899534
111,1994,-0.1377356,0.6395895
111,1995,-1.5818672,0.45494795
111,1996,0.39388248,1.1178476
111,1997,-0.40390328,0.6978298
111,1998,-0.40570205,0.84373146
111,1999,-1.717636,0.088591084
111,2000,0.4235432,0.74374944
111,2001,0.4160626,0.7645684
111,2003,1.355785,0.59481764
111,2004,0.59961945,0.48808882
111,2005,-0.108058274,1.05292
111,2006,0.30450836,0.77225274
112,2007,1.1885564,1.147375
112,2008,0.890458,0.8802474
112,2009,-0.94280493,1.0282944
112,2010,0.890458,0.8802474
112,2011,0.890458,0.8802474
112,2012,0.890458,0.8802474
112,2014,1.1780539,1.2369344
112,2015,0.890458,0.8802474
112,2016,1.0164245,1.077084
112,2017,0.3776455,1.0626949
112,2018,0.08131404,0.9261802
112,2019,0.8739813,1.4961891
112,2020,-0.7439483,0.66437244
112,2021,1.1931796,1.3282676
112,2022,0.110624,1.0235271
112,2023,1.4213711,1.1995765
112,2025,0.890458,0.8802474
112,2026,0.77853173,1.1426883
112,2027,0.890458,0.8802474
112,2028,0.6898443,1.1119648
112,2029,0.78066367,0.9848004
112,2030,0.7823089,1.1618524
112,2031,-0.16581956,0.7812382
112,2032,1.1128052,0.94303584
112,2033,1.1128052,0.94303584
112,2034,1.1128052,0.94303584
112,2037,1.1128052,0.94303584
112,2038,0.96271825,1.0533812
112,2039,0.5186013,0.9968644
112,2040,-0.8753387,0.72725886
115,2326,-1.1728987,0.34125543
115,2327,-0.95677114,0.53864217
115,2328,0.0057572946,0.36620653
115,2330,-1.2662479,0.20427273
115,2331,1.5535066,0.68547916
115,2332,1.3237671,0.8717159
115,2333,1.5961026,0.8806437
115,2334,1.6843123,1.1622301
115,2335,1.4010853,0.87927353
115,2336,1.6207929,0.8972905
115,2337,1.4036226,0.8090573
115,2338,1.3683109,0.76804185
115,2339,1.7292508,0.7899345
115,2341,1.3598455,0.94598097
115,2342,1.3788062,0.94697267
115,2343,1.6570976,0.6930563
115,2344,1.6504197,0.77632713
115,2345,1.3313872,0.7424145
115,2346,1.3934124,0.78333545
115,2347,1.7204399,1.0895629
115,2348,1.6641676,0.6945226
115,2349,1.6414844,0.91828305
115,2350,1.3933175,0.828517
115,2352,1.4346408,0.6116836
115,2353,1.3547584,0.9218434
115,2354,1.5403757,0.98398644
115,2355,1.7663385,0.96413296
115,2356,1.4737624,0.6059704
115,2357,1.6504197,0.77632713
115,2358,1.4970382,0.8283474
115,2359,1.3505652,0.914575
115,2360,1.6124307,0.89042336
115,2361,1.438943,0.884428
117,2417,1.42983,0.5853242
117,2419,1.2913505,0.6073689
117,2420,0.8607693,0.5550808
117,2421,0.10309465,0.787207
117,2422,1.3493901,0.61102194
117,2424,-0.2585836,0.12369405
117,2429,1.4476696,0.64186335
117,2418,0.6765695,1.3791964
117,2423,1.4313964,1.0124274
117,2425,1.3806775,1.072056
117,2427,1.6890272,0.8726695
117,2428,1.2054077,0.87767375
117,2430,1.5284123,1.0624486
118,2431,0.0027919896,0.77197576
118,2432,-0.8654493,0.6204078
118,2433,0.32241827,0.9511123
118,2434,1.0971874,0.21546423
118,2435,0.1401767,1.162074
118,2436,1.3893595,0.6939473
118,2438,0.9725908,0.3157534
118,2439,0.18939012,1.0154295
118,2440,0.25959566,1.1684997
118,2441,0.1097119,0.5921589
118,2442,1.2131298,0.6747703
118,2443,0.16648678,0.57781965
118,2444,1.247675,0.6022816
118,2445,1.2189231,0.845529
118,2446,1.1754853,0.9708757
118,2447,1.1049243,0.8427557
118,2450,1.5118177,0.8438376
118,2451,-0.9926241,0.83269334
118,2452,0.97270954,0.3526388
118,2453,0.6287295,1.2022163
118,2454,0.27897975,0.96937245
118,2455,0.13986143,1.027329
118,2456,-0.3397585,1.2571832
118,2457,-0.00060335547,0.8311896
118,2458,0.14746386,0.77062726
118,2459,0.22373447,0.9328141
118,2461,0.675757,0.96189666
118,2462,0.6656307,0.9777918
118,2463,-0.20674081,0.71510136
118,2464,-0.5906068,0.548973
118,2465,-0.75410146,0.3402261
118,2466,-0.030658968,0.9028186
118,2467,1.4210945,0.6208439
118,2468,0.20504299,1.0346674
118,2469,-0.90110636,0.4818139
118,2470,-0.998007,0.4472898
119,2478,1.4501753,0.9921388
119,2479,1.2522552,0.9135975
119,2480,0.3327808,1.2078222
119,2481,-1.051252,0.8047934
119,2483,-0.70896494,0.75875473
120,2510,1.5513152,0.43092608
120,2511,-0.6040257,0.46154243
120,2513,1.1891283,0.4989756
120,2514,-1.3987793,0.39217812
120,2515,-1.474495,0.2487767
120,2516,1.2813671,0.8677656
120,2517,0.36315715,1.0978073
120,2518,-1.6526763,0.08825636
120,2519,-1.2053235,0.86748433
120,2520,-1.4132651,0.35354388
120,2521,0.8495473,0.92111737
120,2522,1.2533885,0.5482022
122,2601,0.7424918,0.58391154
122,2602,0.32745212,0.5189311
122,2603,1.4599013,0.27390602
122,2604,0.049853057,1.0134892
122,2605,1.4286424,0.41115537
122,2606,1.5082227,0.6878103
122,2607,1.7337129,1.0278238
122,2608,0.11870177,0.983535
122,2609,0.07515514,1.6215851
122,2611,0.8730552,0.3464781
122,2612,0.5083889,0.6511948
122,2613,1.0713563,1.198547
123,2614,1.3164288,0.7175883
123,2615,-0.55131453,0.8982033
123,2616,-0.031017836,0.63767624
123,2618,-1.2158084,0.89474773
123,2619,-0.9355032,0.7830698
123,2620,-0.8162644,0.8840766
123,2622,-0.7401532,0.5659231
123,2626,-0.16842754,1.2936467
123,2617,1.2280484,0.688286
123,2623,-0.62850857,0.8558485
123,2624,1.144729,0.80376786
123,2625,-1.199889,0.74310327
127,2926,0.33849588,0.7142059
127,2927,1.1987807,0.9877997
127,2928,-0.34743887,0.729168
127,2929,0.43895605,0.82501364
127,2930,1.2173795,1.0977147
127,2931,-0.7065305,0.66125065
127,2932,-0.27334476,0.7380454
127,2934,1.2622001,1.0079782
127,2935,-0.20891927,0.50410396
127,2936,-0.7065305,0.66125065
127,2937,1.6118611,0.89230865
127,2938,-1.0973471,0.6051273
127,2939,1.2674773,0.6991868
129,2989,0.87495756,1.0963382
129,2990,0.2938863,0.4835117
129,2991,0.987229,0.7947511
129,2993,-1.6115154,0.25646698
129,2994,-0.84215444,0.49008352
129,2995,0.5513702,0.419953
129,2996,1.006045,0.60668325
129,2997,0.2841627,0.6308047
129,2998,-0.7732447,0.78082496
129,2999,0.9737036,0.76145214
129,3000,-0.96974313,0.40148354
129,3001,0.6949514,1.2203642
129,3002,-0.67175007,0.5661333
129,3004,-1.2664167,0.15346132
129,3005,-1.5267375,0.06551647
129,3006,1.244121,0.8062774
129,3007,0.9040814,0.41997564
129,3008,0.80987376,1.051686
129,3009,-0.95417935,0.4512822
129,3010,1.3187133,0.896557
129,3011,-0.40784332,0.5664287
129,3012,-0.3972403,0.75743115
129,3013,-1.4041709,0.1621469
129,3015,0.33915415,1.1456287
129,3016,-0.17582871,0.5300368
129,3017,-1.4851704,0.13602525
130,3018,-1.4000342,0.57150996
130,3019,0.26351756,1.0303439
130,3020,0.053040784,0.9788476
130,3021,0.5435543,1.2202504
130,3022,-1.6213766,0.16287604
130,3023,0.1045962,1.3399721
130,3024,-1.5979811,0.7005778
130,3026,-1.493594,0.7426861
130,3027,-0.68803823,1.0952858
130,3028,-1.4952391,0.647674
130,3029,-1.0224224,1.276213
130,3030,-1.5578915,0.64368427
130,3031,0.5030131,1.1498485
130,3032,0.93575627,0.93185556
130,3033,-1.468911,0.66954684
130,3034,-0.8933829,1.2883935
130,3035,-0.683681,0.6665638
130,3038,-1.1434047,0.6100763
130,3039,-0.16837963,0.6422002
130,3040,0.120821565,0.89508754
130,3041,0.32068348,0.7299483
130,3042,-0.76995194,0.45155144
132,3066,-1.0127171,0.5565426
132,3067,0.110395625,1.228658
132,3068,1.3590866,0.79877
132,3071,-0.39282298,0.9930525
132,3072,-0.26910025,1.251998
132,3076,-0.016927522,0.9986007
132,3082,-1.0558275,0.4753616
132,3084,-0.9773401,0.4444006
132,3085,-0.75229985,0.2466411
132,3086,0.7936942,0.8262668
132,3087,-0.9304783,0.4526072
132,3088,-0.91996664,0.37975353
132,3092,-1.0018374,0.50266963
132,3095,0.3648203,0.67982244
132,3096,-0.9017069,0.41211486
132,3070,-0.45602256,1.6716475
132,3073,1.739216,1.1692485
132,3074,-0.51062745,0.69333863
132,3075,0.8660119,0.35014278
132,3077,-0.7053373,0.75829494
132,3078,-0.9273181,1.388315
132,3079,-1.0178348,0.84177315
132,3081,-0.7053373,0.75829494
132,3083,-0.7337627,0.53182757
132,3089,1.6843162,0.974297
132,3090,-1.0673804,0.28828028
132,3093,1.126951,0.2593901
132,3094,-1.4444888,0.53600764
132,3097,-1.0626066,1.048774
133,3110,1.6035435,1.065845
133,3111,1.2469387,0.920562
133,3112,1.6191235,1.1177078
133,3114,1.4864634,0.6821712
133,3115,1.6971366,1.0552901
133,3116,1.6754599,1.0632814
133,3117,1.806543,0.97397715
133,3118,1.7637959,1.0498815
133,3119,-0.87256384,0.779518
133,3120,1.834988,1.0079701
133,3121,0.89425486,0.7546614
134,3139,1.532297,1.3207777
134,3140,1.6766042,1.1072923
134,3141,-1.1159387,0.87367666
134,3142,-0.339592,1.6287086
134,3143,-1.3970878,1.1300032
134,3144,-1.0644331,0.8038996
134,3145,-0.88508487,0.87219375
134,3147,-0.13912055,1.5921165
134,3148,-0.9027778,0.5263104
134,3149,-0.7135521,0.57091695
134,3150,-0.9706379,0.9040222
134,3151,0.21848863,0.79372394
134,3152,-0.85670257,0.91388917
135,3154,1.0065528,1.2132287
135,3155,-0.4075379,0.26081127
135,3156,1.3915191,0.8114262
135,3160,1.3593303,0.80041206
135,3161,1.0065528,1.2132287
135,3162,1.3868839,0.6296903
135,3164,0.365772,0.68881994
135,3167,0.83499,0.90602565
135,3175,1.1030395,1.039179
135,3176,1.3477678,0.7249795
135,3178,1.3477678,0.7249795
135,3180,0.29813585,0.8998022
135,3182,1.3477678,0.7249795
135,3187,1.4368435,0.71017283
135,3192,0.62762976,1.2020587
135,3153,0.58841,1.5881535
135,3158,1.3668439,0.4079184
135,3159,-0.94445664,0.69998395
135,3163,0.1318667,1.4237947
135,3165,0.069288924,1.6750631
135,3166,1.5239329,1.1782476
135,3169,1.259474,1.337249
135,3170,1.4022249,1.1233522
135,3171,-0.1353612,0.9596209
135,3172,0.087788224,1.197425
135,3173,1.044379,1.3135604
135,3174,1.4791278,1.3002256
135,3177,1.1461734,1.2956502
135,3181,1.5351238,1.0934683
135,3183,1.0569782,1.3885286
135,3184,0.71939504,1.4908893
135,3185,0.91410226,1.1560287
135,3186,1.2892286,1.2700007
135,3188,0.24058998,1.1586611
135,3189,0.77316535,1.5944217
135,3191,0.94409156,1.3481259
136,3194,-0.44572484,0.61875445
136,3195,-0.093726054,0.8649451
136,3197,-0.59106857,1.2806371
136,3198,-1.4502741,1.2988755
136,3199,-0.868197,0.8869731
136,3200,1.4356239,0.9404739
136,3201,-0.29860485,1.128954
136,3202,1.2544465,0.28462744
136,3203,-0.93298775,0.7563878
136,3204,0.07326245,1.1372311
136,3205,-1.2922994,1.3970386
136,3206,-1.6617196,0.5922637
136,3208,-1.4543389,0.4436279
136,3209,-0.75882304,0.64254355
136,3210,-1.2431647,0.94442683
136,3211,-0.71889573,0.7932166
136,3212,-0.63991696,0.77598
136,3213,0.9400277,0.7811305
136,3214,1.2305824,0.5029426
136,3215,-0.8190445,0.5294755
136,3216,-0.2404041,1.037392
136,3217,-1.5124874,1.1909376
136,3425,1.1086041,0.9745724
136,3426,-1.3344516,0.22359523
136,3427,-0.6719333,0.32664728
136,3428,-0.65566325,0.38188827
136,3429,-0.9221031,1.5412186
136,3430,-0.63241273,0.3459502
136,3431,-0.93089837,0.73352087
136,3432,-1.0777397,0.6442666
139,3509,0.7686471,0.8461872
139,3510,1.580879,1.1332364
139,3511,0.44628912,0.7881716
139,3512,1.7893791,1.0324883
139,3513,-0.3833064,0.64272106
139,3515,0.903114,0.8091418
139,3516,1.1489896,0.289484
139,3517,0.66612756,0.7986416
139,3518,1.411252,0.168308
139,3519,1.5577097,0.395366
139,3520,0.3054683,0.86228746
139,3521,0.10692662,0.9581428
139,3522,-0.13473031,0.98663807
139,3523,-0.41462395,1.443164
139,3524,-0.318956,1.055319
139,3526,1.0803924,0.37623617
139,3527,1.3466829,0.26323703
139,3528,1.1457502,0.5950929
139,3529,-0.11358167,0.8535962
140,3554,-1.0387589,0.9607782
140,3555,-0.74459267,0.30239272
140,3556,1.5215139,0.9780813
140,3557,-0.9750395,0.5563613
140,3558,0.9286035,0.56363904
140,3559,1.6611235,0.9889292
140,3560,1.6832916,0.9138078
140,3561,1.5069282,0.28784436
140,3562,-1.0692817,0.5950131
140,3564,-0.8898342,0.7081161
140,3565,1.3566109,0.9715473
140,3566,1.1726216,0.6437342
140,3567,-0.80559224,0.47786897
140,3568,1.4066168,0.65417767
140,3569,1.0049964,0.66809887
140,3570,0.27789372,0.8740962
140,3571,1.6059486,0.45184046
143,3608,1.5355097,0.99745053
143,3609,1.5293703,0.7151416
143,3610,1.52688,0.436843
143,3611,1.5693029,0.33845183
143,3612,1.559116,0.3496612
143,3613,1.7152015,0.5077907
143,3614,1.4566826,0.28203127
143,3615,1.3604149,0.710704
143,3616,1.3695545,0.75818664
143,3618,0.7753411,1.1243681
143,3619,0.84554344,0.91463894
143,3620,1.6754254,0.5178257
143,3621,1.6801727,0.8201277
143,3622,1.3267746,0.75663686
143,3623,1.3074758,0.9102692
143,3624,1.435615,0.54929847
143,3625,1.4185008,0.7591341
143,3626,1.3335592,1.2334934
143,3627,1.5977901,0.83303577
143,3629,1.4876853,0.7438142
143,3630,1.427139,0.85864854
143,3631,1.485026,1.1591729
143,3632,1.5716989,1.0320841
143,3633,1.5108987,0.6140317
143,3634,1.3266128,0.80736107
143,3635,1.5489712,0.6452068
143,3636,1.6127584,1.0172129
143,3637,1.2192216,1.0400704
143,3638,1.3946407,0.9021616
143,3640,1.3046799,0.9364378
143,3641,1.3133184,1.0455459
143,3642,1.1882408,0.95265347
143,3643,1.3192495,1.0229903
145,3696,-0.8051319,0.70377994
145,3698,0.14537275,1.4392807
145,3699,-0.8610286,0.37289858
145,3700,-1.0425336,0.8302612
145,3701,1.3136972,0.8593286
145,3702,1.2677325,0.9890807
147,3752,0.2644378,0.91456574
147,3753,1.5048773,0.71194166
147,3754,0.63574046,0.9866553
147,3755,1.4745057,0.56747496
147,3756,1.5424423,0.39264867
147,3757,1.2460674,0.8515337
147,3758,0.8970149,0.57083356
147,3759,0.7608263,1.0077423
147,3760,-0.9227517,0.4347998
147,3761,-0.1544346,1.4887196
147,3762,1.2904732,0.81566346
147,3763,1.497281,0.63311476
147,3764,1.1355047,0.79671305
147,3765,-0.981038,0.47575617
147,3766,1.2995851,0.6770278
147,3767,1.136531,0.4943852
147,3768,0.91836995,0.47120604
147,3769,1.0712517,0.9117384
147,3770,1.0105784,0.62886554
147,3771,1.534445,0.35990745
147,3772,1.1682594,0.7152263
149,3792,0.46628907,0.88430953
149,3794,-0.648852,1.1361572
149,3795,-0.9279982,0.3257258
149,3797,0.42636392,0.6382162
149,3798,-0.6338075,1.1582673
149,3800,-0.10046439,0.98064536
149,3803,-0.98776686,0.9015422
149,3805,-0.9493196,0.6610949
149,3806,0.76135963,0.9251956
149,3807,-0.8682033,0.94647175
149,3808,1.1729779,0.94269025
149,3809,0.9190112,1.148928
149,3812,0.49255,1.1891367
149,3793,-1.3292722,0.6715134
149,3796,0.18985352,1.0545905
149,3799,1.2756153,0.795031
149,3801,-1.3795501,0.5454553
149,3802,1.6135702,1.164233
149,3804,1.5893521,1.0097208
149,3810,-0.36333737,0.7702154
149,3811,0.8645178,0.9553943
149,3813,1.6501602,0.92935383
151,3843,1.07456,0.7788795
151,3844,-0.24270426,1.1388912
151,3845,-1.0359721,0.8809448
151,3846,-0.8049834,1.078259
151,3847,-0.700544,0.8149569
151,3848,-0.71777546,0.95475197
151,3849,0.29697713,0.79385525
151,3850,0.9402473,0.523594
151,3851,-0.427455,1.4240023
151,3852,-1.3055911,0.19520652
151,3853,0.7768066,0.7449591
151,3854,0.5176644,1.1461945
151,3855,1.3320909,0.3613491
151,3856,-0.61945915,0.9554611
151,3857,1.1571063,0.77019846
151,3858,1.3564246,1.3283674
151,3859,-0.6902754,1.566576
151,3860,0.6792603,0.8704219
151,3861,-1.6076697,0.102772355
151,3862,0.5149467,0.9446487
151,3863,0.9421494,0.5685171
151,3864,0.60261357,0.88736415
151,3865,-0.17444414,1.0810909
151,3866,-0.05120238,1.7050507
151,3867,-0.2611529,0.8969893
151,3868,1.1828407,0.36520433
152,3876,0.74132746,0.9097886
152,3877,-0.12637845,1.127366
152,3878,1.3157073,0.21941969
152,3879,0.5001278,0.56767184
152,3880,1.1767236,0.15667541
152,3881,1.2058752,0.837761
152,3882,-0.33570722,1.1246316
154,3914,1.4225041,0.6799667
154,3915,-0.5336549,1.1454264
154,3919,-0.90006995,0.4804253
154,3920,-0.030824218,0.55329645
154,3921,-0.8376326,0.35814774
154,3924,0.03174704,1.33848
154,3926,1.2498248,0.58564293
154,3927,1.3638805,0.71759456
154,3930,-0.304191,1.2618885
154,3932,-0.643739,0.8074662
154,3933,0.67156595,0.85851085
154,3934,-0.3028553,0.63615006
154,3935,-0.96453726,0.43542707
154,3936,1.0444403,0.7060171
154,3937,0.8226487,0.8809167
154,3916,0.5335323,1.2980671
154,3917,-0.11073496,1.1675352
154,3918,0.848471,1.2582767
154,3922,1.4547753,0.40811938
154,3923,-1.1400298,0.23063532
154,3925,1.6806566,0.917547
154,3928,1.3360404,0.2625611
154,3929,1.1611493,0.26838326
154,3931,1.3295047,0.5762926
155,3950,-0.27715224,1.281517
155,3951,-1.103953,1.0029336
155,3952,-1.4033296,0.7057352
155,3953,-1.0229079,0.9886143
155,3954,-0.10783691,0.22676912
155,3955,-0.8401874,0.08086005
155,3956,-0.5463327,1.033065
155,3957,0.68939227,0.20285884
155,3958,0.92420995,0.26005134
155,3959,-0.63478225,0.28681484
155,3960,-0.75283206,0.3471076
155,3961,-1.2601262,1.1865388
156,3962,1.269896,0.613024
156,3968,1.3389122,0.7425754
156,3969,-0.48170462,1.393286
156,3970,-0.9333618,0.93217915
156,3974,1.4168411,0.5466045
156,3975,-1.0465924,0.72211975
156,3976,0.4243167,1.2393831
156,3977,-1.0186796,1.12902
156,3978,0.63146967,1.4118823
156,3980,0.5480477,1.2476339
156,3981,1.394282,0.51245546
156,3983,1.3425701,0.41152138
156,3985,1.4770204,0.7298182
156,3987,-0.44789505,1.123746
156,3996,-0.2646776,1.1316719
156,3998,1.2668662,0.47985828
156,3963,-0.7836635,1.5115442
156,3964,1.5112078,0.3503316
156,3965,-0.18266147,0.2825819
156,3966,0.3018506,0.67201144
156,3967,-0.5005953,1.0880296
156,3971,1.1500499,0.12639163
156,3972,1.4034106,0.15559812
156,3973,1.2253247,0.16851462
156,3979,1.2640274,0.10734941
156,3982,1.1874479,0.13401507
156,3984,1.2730428,0.93752587
156,3986,-1.325928,0.2613666
156,3997,1.3507345,0.17621525
157,3999,-0.6184535,0.80314046
157,4000,-0.98317003,1.2280731
157,4001,-0.8178232,0.54459727
157,4002,1.756977,1.0439959
157,4003,-0.5399849,0.7252043
157,4004,1.0427659,1.430488
157,4005,1.6447141,1.0600841
157,4006,0.4125125,1.1506053
157,4007,0.5563016,1.3602248
157,4008,0.8780695,0.68441546
157,4009,-1.4115295,1.0260389
157,4010,-0.4387937,1.1038913
157,4011,-1.567093,0.62304133
157,4012,-0.7232784,0.9632037
157,4013,0.15211862,0.763021
157,4014,1.0937074,1.1061339
157,4015,-0.93329585,0.75482523
157,4017,1.7787448,1.0557976
157,4018,-1.3600237,0.18308756
157,4019,0.2740306,1.0497565
157,4020,0.59470993,1.0490402
157,4021,1.7343367,0.9927512
157,4022,1.1171067,0.99157184
159,4062,0.49226168,0.9112475
159,4063,0.22948089,1.2378181
159,4064,0.15627736,1.3546747
159,4068,-0.5099862,1.0747248
159,4069,0.35672626,1.3159027
159,4065,-0.608515,0.40287107
159,4066,-0.7512897,0.4254682
159,4067,-1.0638561,0.42355546
159,4070,-1.4175477,0.29274267
159,4071,-1.4194129,0.6332863
159,4072,-1.0055969,1.3040097
159,4073,-1.2416332,0.5269069
159,4074,-1.0282912,0.6764666
159,4075,-1.4191668,0.15037665
159,4076,-1.1528786,0.5664651
159,4078,0.25756267,1.0082449
160,4079,1.2737842,0.6481982
160,4080,-0.1594216,1.5169089
160,4081,0.7424065,0.8959543
160,4086,1.2409031,0.77853256
160,4087,1.1308154,0.91304654
160,4088,-0.64129907,0.19156505
160,4089,1.2006054,0.9588982
160,4090,1.0435448,1.0863894
160,4093,0.56963974,0.67578
160,4095,0.640667,1.3365625
160,4096,0.35683852,1.2904631
160,4082,1.5505134,0.89533937
160,4083,1.7565739,1.0746055
160,4084,1.5899284,1.0065563
160,4085,1.6372492,0.41284487
160,4091,-1.2139213,0.17305748
160,4092,1.8192815,1.0379384
160,4094,1.7389517,1.05274
160,4097,1.6597333,0.9031683
164,4196,-0.43427873,0.31967854
164,4197,0.1468813,1.1787778
164,4198,-0.03198511,1.2061393
164,4199,0.3579392,1.2352933
164,4200,0.18816121,1.2631488
164,4201,-0.4945379,0.9931453
164,4202,-0.5192183,1.2013117
164,4203,-0.11329402,1.2729673
164,4204,0.005114507,1.0278084
165,4205,1.0312186,0.7417877
165,4206,1.0153675,0.47130167
165,4207,0.93972313,0.7459353
165,4208,-1.0090466,0.6400244
165,4215,1.3932321,0.5626174
165,4218,1.4447371,0.67029434
165,4220,1.1577619,0.37629282
165,4223,1.264606,0.6806993
165,4224,-0.9744245,0.85612816
165,4209,0.6449751,1.4251828
165,4210,0.73014456,1.267233
165,4211,0.5490208,1.4850717
165,4212,0.37237793,1.0727576
165,4213,1.545537,1.2249806
165,4214,0.84212655,1.4586058
165,4216,0.40198082,1.109762
165,4217,1.3828207,1.2941315
165,4219,0.33811188,1.5209228
165,4221,1.3664027,0.8722971
165,4222,1.0833907,1.1395568
165,4225,-1.2478763,0.3646364
168,4270,1.7563441,1.0982008
168,4271,0.92047125,0.84012204
168,4272,-0.13534081,1.2150459
168,4273,1.7347806,0.8194501
168,4274,0.319068,0.80464363
168,4275,1.4840257,0.7218454
168,4276,1.5835228,0.5912193
168,4277,1.5261165,0.6007675
168,4278,1.4631909,0.6876026
168,4279,1.8476384,0.9808262
168,4280,1.7826303,0.8867912
168,4281,1.4810996,0.7388489
168,4282,1.6802512,0.91206694
168,4283,1.2742056,0.5496819
168,4284,0.6946269,0.4465543
168,4285,1.0385646,0.5044566
169,716,1.0256581,1.1929698
169,717,-1.2108266,0.20696162
169,718,-1.0625451,0.6169228
169,719,-0.721031,1.1576558
169,720,-0.3749851,1.0430425
169,721,-0.8987707,0.5252225
169,722,-0.68772906,0.8576224
169,726,0.9298825,0.7455705
169,727,-1.6301924,0.16364986
169,728,0.23512426,1.2729528
169,729,-0.9755702,0.85245687
169,730,0.5754746,0.87010485
169,731,0.59562874,1.2273072
169,732,1.4784343,0.6188567
169,733,1.2929062,0.4668931
169,734,-0.43896493,0.3526224
169,735,-1.4445411,0.15616807
169,736,1.2094194,1.0470333
169,737,-1.2129542,0.69650495
169,738,1.1365746,1.1527294
169,739,-0.7598532,0.4613614
169,740,-1.1016287,0.49113518
169,741,0.6051951,1.3843943
169,742,0.50563383,1.3319882
169,743,-1.0408183,0.3999682
169,744,-0.28608066,1.3158686
169,745,-1.0774901,0.5906064
169,746,-0.5588002,0.2516872
169,747,0.26304942,1.5872453
169,748,1.4855173,0.44436133
169,749,-0.91406214,0.37232286
169,750,0.8240504,0.99513704
169,751,1.3121622,1.1045969
169,752,-1.0434356,0.19112939
169,753,-1.0251893,0.92241186
169,754,-0.86284083,0.34239548
169,755,0.8482533,1.201243
169,756,-0.81988895,0.20909052
170,4343,-0.38981032,0.68730617
170,4344,0.7402724,1.0277342
170,4345,-0.985548,0.6491507
170,4346,-1.1625278,0.58040327
170,4347,0.5267063,0.82590884
170,4348,-0.6536683,1.0216838
170,4349,-0.84260404,0.92983216
170,4350,0.58336383,1.2552872
170,4351,-0.297799,1.4252295
170,4352,-0.36797056,1.0269994
170,4353,1.2486713,0.7373346
170,4354,-0.17745265,1.1445295
170,4355,1.7162564,0.9915536
170,4356,-0.5176863,1.4296368
170,4357,-0.059121244,1.4597137
170,4358,1.0687938,0.7723062
171,4380,1.2876322,1.2986029
171,4381,-0.5805156,0.8625473
171,4382,-0.0869772,0.98959315
171,4383,0.5436412,1.0677611
171,4384,-1.4941955,0.23069641
171,4385,1.3034514,0.28824073
171,4386,1.3047433,0.8275038
171,4387,1.5250437,0.64726406
171,4388,-1.5555174,0.32606798
171,4389,-1.0513009,1.0102006
171,4390,1.301075,0.9062299
171,4391,0.58062637,0.70796806
171,4392,1.1756221,0.72228515
171,4393,-1.172165,0.70314676
171,4394,-0.7877197,0.6291997
171,4395,1.1901176,0.5589147
171,4396,-1.5423532,0.39057636
171,4397,1.5468962,1.1178672
171,4398,-0.85166484,0.5158719
171,4399,0.96570575,0.6838269
171,4400,-0.07550627,0.5334623
175,4477,-0.6486854,1.0735841
175,4478,-0.81958157,0.37742168
175,4479,1.4464079,0.82180953
175,4480,1.4428623,0.47778034
175,4484,-0.99107724,0.6967817
175,4485,-1.0477656,0.52692705
175,4486,0.24283624,1.2185512
175,4492,1.4177688,0.57135826
175,4495,0.93359417,0.8949159
175,4476,0.97498155,0.64041656
175,4481,1.4818966,1.2980117
175,4482,-0.977436,0.32097167
175,4483,-0.32136732,1.4457006
175,4487,0.3559009,0.8763322
175,4488,-0.8765854,1.050264
175,4489,-1.0547285,0.61861664
175,4490,0.5706877,0.9123678
175,4491,-0.16323194,0.7146696
175,4493,0.999092,0.45014575
175,4494,-1.5717214,0.24807742
177,4502,1.4449713,0.8456018
177,4508,1.0979075,1.0487437
177,4511,1.2692491,0.8273726
177,4512,1.4311074,0.7494541
177,4503,0.9168798,0.71491826
177,4504,0.56793267,0.8082227
177,4505,1.5704877,0.43505985
177,4506,1.1796409,1.2521405
177,4507,0.8852863,0.589258
177,4509,0.45736712,1.406003
177,4510,1.5094969,0.7187668
181,4613,-0.015673235,1.2558258
181,4616,0.8497779,1.2090793
181,4620,-1.0303887,0.7915142
181,4621,1.0469483,0.85463154
181,4625,0.25644723,1.2274041
181,4627,-0.8698031,1.0390321
181,4631,-0.73803556,0.32713985
181,4634,-1.1495694,0.9969916
181,4635,0.7491802,1.3979598
181,4639,-0.36434048,0.76043165
181,4640,-0.93975323,0.39153534
181,4612,1.6754361,1.0970198
181,4614,0.24524614,0.7750372
181,4615,1.8035655,0.9853124
181,4617,-1.0491486,1.1483085
181,4618,0.5520866,0.553567
181,4619,1.7434124,1.1207247
181,4622,0.2535164,0.877122
181,4623,0.47546512,0.9157436
181,4624,1.2170087,1.0532103
181,4626,-0.58900625,0.30638498
181,4628,0.7332407,1.1011763
181,4629,-0.25600928,0.37542465
181,4632,0.50486946,0.966872
181,4633,-0.2986754,0.3221337
181,4636,0.32750818,0.8107756
181,4637,-0.3823095,0.38665238
181,4638,0.56033725,0.6553272
