user_id,text_id,pred_valence,pred_arousal
3,256,1.3637104635566677,0.7184938723369737
3,257,1.108484747278238,0.9192096789915578
3,258,1.0881603873537542,0.7766805861913865
3,249,1.170519000338769,0.9624899799369414
3,250,0.6601789997653142,0.5816920616621911
7,349,0.2531899778769035,1.188520071505673
7,350,-0.8189108025604763,0.48742258258218185
10,411,1.892744283224749,0.3698136294050548
10,412,1.1484457263853902,0.1243088658737338
10,413,1.1363199640897772,0.13986383408757153
17,1090,-0.36086559294693904,0.1649529206815809
17,1091,1.1381002999139778,0.33922844366099153
17,1092,-0.19926593635528492,0.3793270786941395
17,1093,-0.2904861634867309,-0.005202669832441831
17,1094,0.8201916494408432,1.0172349611936107
17,1095,0.4817900100723922,0.7321305823649582
17,1096,0.719080013757105,0.16806575706774238
17,1097,0.9547625248575877,0.5298057190938299
17,1098,0.5356429375388272,0.9007093139133122
17,1062,0.3455667867388242,0.6834010586119073
17,1063,1.3961960197835146,0.4618219302881387
17,1064,-0.3547192401842219,1.011028188497073
17,1065,0.8338428171200603,0.5096552734856987
17,1066,0.5112944981897533,0.9306789333622987
17,1067,1.3435340741868023,0.4236690531226473
17,1068,1.4033803349807892,0.615131582729626
17,1069,1.1322784701028754,0.4530560198407162
17,1070,-0.5044040748098146,0.4990186915446394
17,1071,0.5176241947758359,0.5284495421758781
17,1072,0.5207236626845724,0.44662636623234064
17,1073,0.9123529276327939,0.4276878740213659
17,1074,-0.1338255631855914,0.9372566537464662
17,1115,-0.8235537230848845,0.32123217195299936
17,1116,-0.15768248996545295,0.483744225449888
17,1117,0.5141316214705818,0.4352845074693119
17,1118,-0.23794532926153172,0.7037554272762998
17,1119,0.5039801412375591,0.24457300864307668
17,1120,0.8450397472744351,0.36279343553992816
17,1121,0.8958587147118118,0.16389129834760605
17,1122,0.7287627463512765,0.11217186922084724
17,1123,0.6175302069288814,0.1589461382481653
17,1124,1.005645087617569,0.11056067240455698
17,1125,0.16603472368249186,0.4794317863098039
17,1126,0.9426354137723293,0.2158837164986758
17,1127,1.1492768088239964,-0.06411412279543127
17,1128,0.383913472975308,0.17769717137962265
17,1129,1.4419196009679682,0.49132070989702814
17,1130,0.23918279282674962,0.09450957994190645
17,1131,0.8546476174020552,0.5540153189599029
17,1132,1.1168954578724952,0.2749210339452637
17,1133,0.5420529692351943,0.2948675982845276
17,1134,0.5280770199315672,0.02920392700906664
17,1135,0.008720133841985556,0.19421782515225824
17,1136,-0.05508274832654124,0.2285585881246946
17,1137,1.0877534582867723,0.14438682453838694
17,1138,0.5971179653546654,0.42196894773244936
17,1139,-0.04961905182073181,0.4860588482928073
17,1099,1.1041360907563962,0.1576989797594189
17,1100,-0.4533211024693585,0.1708762668937226
17,1101,-0.27785210389552617,0.14159651966893133
17,1102,1.0873531513000705,-0.047654801172749124
17,1103,-0.4003473578902554,0.07988692575603744
17,1104,0.9082779121590958,0.07838047199965509
17,1105,1.233987790285974,0.0737804317961528
17,1106,0.627919069060295,0.359101816772852
17,1107,-0.4392787094606493,0.15231074897385227
17,1108,1.2060748743945091,0.3459064376020627
17,1109,0.7964414035466443,0.4532346490272821
17,1110,1.4075966673980032,0.1647778697611591
17,1111,0.320907932223281,0.7478903075414941
17,1112,1.2050697226208702,0.7238026771699393
17,1113,-0.09324827299759164,0.4857276402263234
17,1114,0.729163264859432,0.4437750641983651
17,1155,0.7849781317915904,0.28775364343526944
17,1156,1.3875174081838328,0.33363397425080593
17,1157,0.8342269001082314,0.20185582405889743
17,1158,1.2918628929183864,0.04523995972014764
17,1159,0.5194051276493882,0.3031948196332752
17,1160,-0.461611128037705,0.5167715985811056
17,1161,-0.028768338770536334,0.7358092283767352
17,1162,-0.7436231258175615,-0.047289331005205396
17,1163,0.39152860154209856,0.37997072691703515
17,1164,0.11720861345745705,0.04029907924495412
17,1165,-0.45147173827350756,0.7562312928010223
17,1166,0.4715868797189028,0.3142017224502228
17,1167,-0.33620031017323293,0.23959557044120292
17,1168,0.013716766601099994,0.1991540252436321
17,1169,-0.27602105345008643,0.177191261414683
17,1170,-0.8463955317946525,0.6203990470683278
17,1171,-0.16634936916486454,0.7058500292152872
17,1172,0.5195788554098268,0.18610017893694297
17,1173,0.3739049611672655,0.736026132448925
17,1174,0.01390251110123597,0.1368441917551224
17,1175,0.0707843120714538,0.24174591897201664
17,1176,-0.0028567973828205057,0.572263282615884
17,1177,-0.8076645913137384,0.27668134525610505
17,1178,-0.611382270303342,0.5987949990905161
17,1179,0.7033289329707442,0.44267895266782875
17,1180,-0.6356570512246709,0.39478116181600165
17,1181,-0.028256137082381866,0.4818691311089416
17,1140,-0.8760612020228489,0.6940446328636815
17,1141,0.45345636407193435,0.31524246339382195
17,1142,0.18488186595019052,0.6754744054297973
17,1143,0.15389933043840084,0.6030988962901854
17,1144,-0.6075567913115498,0.7073516417338583
17,1145,-0.4506727416462981,0.39581857282007826
17,1146,0.32051318798586037,0.26466400262652456
17,1147,-0.8265421013562697,-0.008347805889002396
17,1148,0.9877734391453963,0.4325207488168632
17,1149,0.7240147285231728,0.5562253096151364
17,1150,-0.8614523797442415,0.41341770279508805
17,1151,0.44221265622335504,0.27737758123998274
17,1152,0.763571623135097,0.2589349536201626
17,1153,0.8939366498817063,0.706724165394025
17,1154,1.101655392652595,0.46565523688673893
18,1302,1.561200069859159,1.051749159232756
18,1303,1.6807415592367836,0.4684418985763792
18,1304,1.8998150111557588,0.4107069861020802
18,1286,1.7137504742204133,0.9113439737020046
18,1287,1.9211964862955329,0.7480752644099662
18,1288,1.7888085061361152,0.9934353901736499
18,1289,1.7365573183774985,1.2041696009054355
18,1290,1.6087434483961585,1.1622033096015558
18,1291,1.9845595198281547,0.941474657621957
19,1313,-0.1891874775494783,1.4390432530838075
19,1314,-0.4594916476878378,1.0947092807397218
19,1315,0.19885535461119494,0.6746290194356674
19,1316,-0.7284331587188062,0.6810464689512954
20,1319,0.35912276480349226,1.0032525429222796
20,1320,0.4083396760973842,0.9671860102749446
23,1348,0.5223996739970317,0.7052230585096034
23,1336,0.5938683408386423,0.8328789024435436
23,1337,-0.4502541892470297,0.9160053450730359
23,1338,-0.8418568580641245,0.5580082444248418
23,1339,-0.11745680608634189,0.7835064752777153
23,1340,-0.777025565018292,0.5776093746544095
24,1415,-0.43266802518387215,0.31755817302840816
24,1416,-0.3999656370364104,0.5483786418904183
24,1417,-0.0857439673970053,0.47640347981977904
24,1418,-0.5015783250205199,0.6982173427362709
25,1490,0.024611354998378354,0.8318954151195423
25,1491,-0.5815413574700665,-0.020720399892264985
33,2209,-1.0376356862159792,0.2835391254162124
33,2210,-1.0396732882247555,-0.11227884205514035
33,2211,-0.9285845099375142,0.589067751417736
33,2212,-1.3617125485218198,0.3100162798125592
33,2213,-1.477476312807887,0.09793765976865193
33,2214,-0.7444575832243129,1.2239925288793154
33,2215,-1.701179435611669,0.1004907848451808
33,2176,-0.04148084273192104,-0.10857185391999163
33,2177,0.1689250101375509,0.38067812668300505
33,2178,1.267779163061419,0.5032003676394715
33,2179,0.2056467965151812,0.7657990184459837
33,2180,-1.1349056515273426,0.10487003502692428
33,2181,-0.6082344242878717,0.37952561101248156
33,2182,-0.9110143303712253,0.8744213706824745
33,2183,-1.1199901826936018,0.8060699245571605
33,2184,-1.159917363649006,0.527850112918069
33,2185,-1.0081218022217895,0.3385624789866398
33,2186,-1.18718608488857,0.33181607888692355
33,2187,-1.4241870946808886,0.1748457148090424
33,2188,-1.5779829321196723,-0.06086722308297296
33,2189,-1.4703941986544211,0.25169151825367997
33,2190,-1.4545674675933804,0.08692042712981421
33,2191,-0.48683115557931766,0.6386560133339028
33,2192,-1.0689470197561304,0.5365763671694722
33,2233,-0.6808457666340263,1.237821333270083
33,2234,-1.5619112475922612,0.2887558806690109
33,2235,-1.3372205969509587,0.2769344249545597
33,2236,-1.4130538690387415,0.30127984929204393
33,2237,-1.5195970597786737,0.20161766260875444
33,2238,-1.4371049490865402,0.15380739178376404
33,2239,-1.5261051209615877,0.11145464102211954
33,2240,-1.2205411360456802,0.26418058320496646
33,2241,-1.0236808906656065,0.26257240351963196
33,2242,-1.536010125896119,0.1088870506494832
33,2243,-0.45656092718869573,0.3628914073543024
33,2244,-0.8629105143714262,0.31188781837652413
33,2245,-1.2664830591576133,0.8290662617685678
33,2246,-1.410101483469529,0.15999869343736403
33,2247,-1.600731756558983,0.291928743820966
33,2248,-1.07546163770072,0.5166610031609881
33,2249,-0.671674352235542,0.1832810065841892
33,2250,-0.6681328654657583,0.5998458724553851
33,2251,-1.658846744310477,0.1926375933484186
33,2252,-1.228677051739905,0.6325824672018233
33,2253,-1.4319531310188118,0.25306235176133435
33,2254,-1.668490539982236,0.09374507132801295
33,2255,-0.9070830794042541,0.46479616445892413
33,2256,-0.6427101903673215,0.7491354962498062
33,2216,-1.207292829223133,0.33666708294443864
33,2217,-0.7718214648807556,0.6679745710872902
33,2218,-0.6196365358924034,0.02424702867668921
33,2219,-1.0373405340419706,0.3433069194798729
33,2220,-0.9062957918173691,0.5807050081262303
33,2221,-1.4559609225493582,0.4967313237550202
33,2222,-0.861346443349458,0.8631011867860033
33,2223,-1.4008286946748632,0.545154096272559
33,2224,-0.767305693780234,1.0156740645013178
33,2225,-1.2082365815972675,0.5460276672859841
33,2226,-1.3542897571412065,0.25587954805333807
33,2227,-1.5261051209615877,0.11145464102211954
33,2228,-1.6961644335620685,0.197924048527018
33,2229,-1.0517021323555698,0.744757920746524
33,2230,-1.1655120069919254,1.2858280606608425
33,2231,-1.0124627618256992,1.422937411653299
33,2232,-1.5323231435589864,0.15158748188043916
33,2272,-1.6919273919461328,0.10215593768300284
33,2273,-1.6573177725510435,0.18989067350817013
33,2274,-1.6700299895029627,0.39257975548390045
33,2275,-1.0720642464777792,0.4613983425358723
33,2276,-0.9216840525929255,0.8515033663364304
33,2277,-1.6329658341746733,0.25904758114135473
33,2278,-1.1359922232107034,0.29137445531168593
33,2279,-1.2344255330616507,0.2639568922821484
33,2280,-0.8059174401353595,1.0061696002859737
33,2281,-1.7278497207405046,0.18277979679846512
33,2282,0.6106815519586521,0.4368386667721195
33,2283,-1.2634935041627045,-0.13421009784055285
33,2284,-1.635499381604545,-0.004131256999805724
33,2285,-1.4467231333417374,0.08426036401796344
33,2286,-1.647212751275731,0.23747305238624627
33,2287,-1.5072958989860012,-0.137366261473392
33,2288,-1.3104784543789576,0.5489271204860897
33,2289,-1.1308728538468087,-0.07935685521745872
33,2290,-0.061458002489278435,0.029175133128920158
33,2291,-1.6667317981678997,0.20645298662978076
33,2292,-1.1336723847149661,-0.15593631506322508
33,2293,-1.4617712985249816,0.8407941412205022
33,2294,-1.7130680069539528,-0.16798135874150705
33,2295,-1.5482756695609414,0.10202170126505997
33,2296,-1.4630100571489555,0.20237635298212225
33,2297,-1.6708811779485067,0.05750664513376844
33,2298,-1.0144118782606397,0.6955203478285804
33,2257,-1.5632034827879355,0.1590276678647906
33,2258,-1.5392751066384809,0.09539103736554153
33,2259,-1.084482957789863,0.5611962761582927
33,2260,-1.6575567884930482,0.13477900008061747
33,2261,-1.7342006990457266,0.03511059356186041
33,2262,-1.6860274258588852,0.09635980389196928
33,2263,-1.4713796730041333,0.29686169541054064
33,2264,-0.646333948457325,0.6260794781962881
33,2265,-1.2898189109966556,0.15371449435338724
33,2266,-0.9123299211927632,0.2454194964415034
33,2267,-0.6865358486905746,1.0920030945618344
33,2268,-1.4207306336588632,0.12158472843361309
33,2269,-0.7532582660606049,0.07938789950708572
33,2270,-1.6781998824904045,0.01604274211040872
33,2271,-1.0669989759229621,1.2331272409705631
34,2367,-0.641855233192274,0.9692989523735144
35,2410,0.7325931665977938,1.4710816005280969
35,2411,0.7900213989634115,1.2652303556307634
42,3830,1.5558881837250564,0.4592187378309402
42,3831,0.5830895122106075,1.1741688957142824
42,3832,1.2051315322961529,0.37015851634252256
42,3833,1.4564060002088883,0.43109761494210613
43,3994,-0.03802806487233991,0.7855860736921894
43,3995,-0.8533851430801696,0.2434937410072361
43,3988,-0.012246723456037542,0.5280210349482588
43,3989,-0.32218291122859194,1.0088291534356
54,3540,1.4781914672997694,1.1492474021144654
54,3644,1.2189182560700933,1.4075074755005579
54,3725,1.5982783557889153,1.2139682397904186
54,3834,1.175430167493243,1.086723169507631
54,3913,0.7652176100088685,1.3734659250023946
54,4016,1.5351347940637408,0.9657499593556362
54,4077,1.7710232127792995,1.0728490825048649
54,4164,1.708738704559059,0.8150567062397589
54,4228,1.1715326494868787,1.0840125196766492
60,2588,2.0149623086669006,0.22561095768348924
60,2599,1.5519860824885316,0.3216563583608546
60,2610,1.9462253283594302,0.5689906147316695
60,2621,1.6236059858816128,0.5704245336970319
60,2632,2.0901081405729913,0.11793279503158548
60,2643,2.3233168174948746,0.35212862605742096
60,2655,2.29707611820434,0.6667310963246136
60,2666,2.114736716552528,0.4074463973060293
60,2870,2.1995521074149154,0.9131364175521128
60,2881,1.6567004776242606,0.5875209831799503
60,2891,1.5012883760847815,0.3896816826597986
60,2900,2.1966288982643203,0.477750559826038
60,2911,2.157676670601523,0.2620833817016893
60,2922,2.2352707286333344,0.2895427304361591
60,2933,1.9621114782962836,0.4767857618803644
60,2940,1.6928405124239077,0.4754628495666823
60,2942,1.7464616340478594,-0.025581000218362883
60,2952,2.2400050448786937,0.5042546764484097
60,2953,1.8599901709465303,0.5808757178567411
60,2959,1.2138930201077842,0.3236842304400589
61,3069,-0.03270324169627817,0.39225018403735235
61,3080,0.9833926020141462,1.1623582402650414
61,3091,-0.29901479553627747,0.4610241072631152
61,3102,0.20265681175868086,0.9070614729128538
61,3113,1.1227344741188405,0.5233628566766232
61,3124,-0.183680391495539,0.5125590605839999
61,3136,0.9548272509249616,0.6674365344562047
61,3146,0.5496579488100907,0.64610371040932
61,3157,-0.5805588563902642,0.5809945219113897
61,3168,1.901274738553839,0.7766356487759858
64,4710,1.8552500409917707,0.3887940737849818
64,4711,0.6884475926471851,0.6777440175317447
64,4712,0.33687275048601245,0.33768571512485357
64,4713,1.5705739354070651,0.5857028655412727
64,4714,1.0857596616869416,0.5913093756824043
64,4716,1.2591940512951876,0.9106637159732986
64,4717,0.4930285359405788,1.068376385434481
64,4718,0.8675596102657548,0.904033795952298
64,4719,0.37607203209417184,0.5917931596630357
64,4733,1.3448955412269883,0.5108627049591131
64,4734,1.0626850223231088,0.5970060076140927
64,4735,0.6231188390259061,0.9424589836607714
64,4736,0.8571402192970892,0.34986726916881106
64,4737,1.0148356547818533,1.12947764260483
64,4738,1.2878143520243726,0.8055431876924564
64,4740,-0.24594013718405744,1.0999907733615446
64,4741,0.1545108866585486,0.2731395708506389
64,4742,1.322039454181898,0.7314411037830636
64,4743,0.929625523888535,0.625808773865713
67,4806,0.35834218962920167,0.6104603258797733
67,4807,-0.4393989122594158,0.14523553631486802
67,4808,0.9500301075221567,0.5806815050102068
67,4809,0.1160178974267285,0.8059361775042986
67,4810,-0.7706357146612017,-0.07627865467945949
67,4811,0.6200506971607754,0.6758720795536831
67,4812,0.24526655816026152,0.7486742821228912
67,4813,0.8337488392140494,0.5804491578153522
67,4815,-0.37273937317366906,0.01420285808312128
73,5022,-0.01755650390067802,1.098592952522928
73,5023,-1.313727008100582,0.189937093167654
73,5024,-0.8777846425777873,0.5934333254858083
73,5025,-0.9411711963891987,0.572942937571573
73,5026,-1.1326424070954788,0.4206310153042465
73,5027,1.0031833752265298,1.5820600721988454
73,5028,-1.0354794583263909,0.2308616996573857
73,5029,-1.5136503146708464,0.5721290926845466
75,5062,-0.9265911569383434,0.12923761997511776
75,5063,-1.1238428077839424,0.2045147402184464
75,5064,-0.8607651310134752,0.5372352910325143
75,5065,-0.381204307467752,0.4657830660000054
75,5066,-1.316151634904664,0.13338175783869913
75,5067,-0.08765827716632227,0.17954914300045557
75,5068,-0.2564383073733948,0.33805677891993946
75,5069,0.11713040097743237,0.7911875828499804
75,5070,1.176992050771108,0.3108867250253119
75,5071,1.0600808130023855,0.23860043422654154
75,5072,0.9546931678872196,0.0658616583327786
75,5073,0.6037161872664938,1.2149478995133203
75,5074,-1.4886807684818282,0.028661663918821988
75,5075,-1.200903577575433,0.40865463212458386
75,5076,-0.09586400586172208,0.22350667993814716
80,5193,-0.2983378877248053,0.8697502478096404
80,5194,0.0019549058039428496,1.3776236388852252
80,5195,-0.9771670666491714,0.7624638140221369
80,5196,-1.1698106655063483,1.300011659161906
80,5197,0.4603063796605286,1.3795468890641769
80,5198,0.9279363177454554,1.281514847413085
80,5199,-0.5883846050351058,0.9371637960465666
80,5200,0.2266210450644769,1.021200818182185
80,5201,1.177490433645727,0.5870885101775088
80,5202,0.5761759054222464,0.8179358685504773
80,5203,0.9011688226927466,0.6950202965384554
80,5204,0.2983789247365927,0.9813707419145721
80,5205,0.5289940916791616,1.290910448139373
80,5206,0.1521430653276201,1.554663975671672
89,571,0.8767567841819316,1.2103652524916075
89,572,-1.3113285115129725,0.35524568933751655
89,573,-1.2589331959050387,0.617350154364851
89,574,0.9520670035657738,1.182643861126151
89,579,-0.3406654599828157,1.66910627703813
89,580,-1.522823681145131,0.64748834438746
89,581,-1.4776130209297524,0.5578552970710765
89,582,-0.777365135835357,1.3825801921779663
89,583,-1.2054154522426628,0.5338114861951702
89,584,-1.5932023568537457,0.1852195103173707
89,585,0.6774026107627465,1.3615012418798
89,586,-0.8511232006138012,1.3845664663590402
89,587,-0.7523070703207941,0.40434311701276526
94,970,0.3600154980394682,0.7671025859935429
94,971,-1.5063756794819665,0.1705494186639271
94,1182,0.3591894797665943,0.34275877483576955
94,1183,-1.296662801454966,0.9545973963457741
94,1184,1.080610320746131,0.29872245013097287
94,1185,-0.5179295288064456,0.7900950677268301
94,1186,-0.024419825461191202,1.8363704497890687
94,1187,1.0669786447639225,0.47667937782171826
94,1188,0.8604295191799012,0.3017567519229937
94,1189,-0.293370656371666,0.7159057303968268
94,1190,1.267569607253988,1.0712404180542303
94,1191,0.28889796096484127,0.962948023265375
94,1192,-0.8159908142143841,0.6445799845092739
94,1193,0.06444265934533952,1.046193835521015
94,1194,0.537552823840463,1.0205229510607539
99,1390,-0.9487286439789377,0.3512346488911601
99,1391,-0.3250098856115341,0.9108789524860028
99,1392,0.9618358781364013,0.4697385225946389
99,1393,-0.3835973839898493,0.3158120529101479
99,1394,-0.0939567601756286,0.9020350584706244
99,1395,-0.06616773465876888,0.9413340074446108
99,1396,-0.3686324332218375,1.099032955373186
99,1397,-0.8251239638099485,0.3288286826728114
99,1398,-0.9929312646738478,0.289476400718063
99,1399,-0.7428144082061419,1.0881427081609063
99,1400,-1.4140512884129528,-0.1998541553182181
99,1401,-0.2385665909966376,1.1929830132603072
99,1402,0.219903544005926,0.3879225804891354
99,1403,0.3678060063273996,0.514714306436118
105,1796,-0.20970673220482694,0.926404838218114
105,1798,-1.0267985873522154,0.49989917849740306
105,1799,-1.3762033157783948,-0.18900118354021128
105,1800,-0.47407106424579487,1.0856995900995774
105,1801,-0.5101925157913653,0.5595228493482287
105,1802,-1.7807477509527403,0.4202946727079728
105,1803,-1.263284520060441,0.2080844253681075
105,1815,-0.6982831101435444,0.7900234547782617
105,1816,-1.5259023913827983,0.6514520549281002
105,1817,0.12341609311535973,1.0468606198462584
105,1818,-0.7920403873861789,0.7458813239984576
105,1820,-0.7477707598001572,0.43301351805257565
105,1821,-1.0011509818128106,0.5119307634822203
106,1832,-0.41235045103274887,0.9687562966408315
106,1833,-0.2600333115918118,0.8611243558512165
106,1834,-0.9134956251002633,1.2467202937898731
106,1835,-0.5165163299991798,0.3700708802067812
106,1836,-0.5572810910194571,0.9689743283563399
106,1837,0.23208373087577502,1.1707114614060627
106,1838,-1.2138590739860549,0.3370165611138765
106,1839,-0.00025159087871418073,0.9120888982282829
107,1859,-1.5601094392222192,0.732087827248761
107,1860,-0.6654456708501676,1.1780980394241896
107,1861,-0.6134721230572728,0.9918064559732864
107,1863,-0.32092789541968025,0.6988183165760917
107,1864,-1.208464750953509,0.7057371623190889
107,1865,-0.696762986257665,1.3305204525900562
107,1866,-1.3940766146626111,0.838188141839485
107,1867,-1.5868757594710674,0.4970830636704285
107,1868,-1.6373622297745491,0.8690767863148474
107,1869,0.48607674733978146,1.099109109360925
107,1870,0.25374474440869926,0.9256406542814496
107,1871,-1.742867517421264,0.40542179337857936
107,1872,-0.30627710242853834,0.5185951523166503
107,1874,-0.5115130366535122,1.398330925141451
107,1875,-1.7157132070165915,0.1667643443739481
107,1876,-0.5370759741278712,1.8055447167072676
107,1877,-1.4282796062194199,0.9454041957502914
119,2478,0.7257788607831398,1.0353204519699795
119,2479,1.0219149632616333,1.0024622798726988
119,2480,0.38258349406777914,1.0224565627322602
119,2481,-0.979621789572436,0.9144062270886313
119,2483,-0.3923337594080088,0.3886284084277131
120,2510,1.2729976579626339,0.20974512679755888
120,2511,-0.7083213511628393,0.5164688902256277
120,2513,1.0240484693840501,0.5535870519835977
120,2514,-1.4344850159164553,-0.09433542443663322
120,2515,-1.5231111112114535,0.2003619205468547
120,2516,0.7844538746048757,0.9596539228501204
120,2517,0.014005395968794854,0.3762918766967934
120,2518,-1.8792116924410593,-0.002574466927260974
120,2519,-0.9316063302997685,1.3556438891647846
120,2520,-1.4001243756501338,0.3316668574456575
120,2521,0.6320266902487395,0.6447597597745993
120,2522,0.5971232716979298,0.09572871772545952
122,2601,0.2995445181046498,0.8135088545273486
122,2602,0.475996733116457,0.5730985723255517
122,2603,1.403989799822098,0.313551454278977
122,2604,0.02649486625470756,1.1004837053807996
122,2605,1.3241649567215468,0.715011408438116
122,2606,1.067828699184913,0.9906715183754582
122,2607,1.2820066006482849,0.8082832291467256
122,2608,0.07203370605849424,1.0085719103302535
122,2609,0.2745034365126656,1.803854557224695
122,2611,0.6389721051889166,0.4194035820939478
122,2612,0.15627157509763265,0.6881964571990934
122,2613,0.7072302015439618,1.016621193950961
127,2926,0.13505713728366467,0.9936594636532556
127,2927,1.0222022782398212,1.310515708204754
127,2928,-0.4442122904047715,1.0733636085745595
127,2929,0.2633659503759138,1.1355447464474888
127,2930,0.5886030652335659,1.1653777225279225
127,2931,-0.7204919966154648,1.547821867181531
127,2932,0.14864055686019562,0.9726777479323496
127,2934,1.6749543726866722,0.9020275476294025
127,2935,-0.2645170406208006,0.8693176003478751
127,2936,-0.7204919966154648,1.547821867181531
127,2937,1.532289543988047,1.1066918974511666
127,2938,-0.535826244549865,1.1025659040331628
127,2939,1.0088333756055365,1.07901849535781
133,3110,1.4315001568893848,0.8054581798130398
133,3111,1.0412584952603727,1.1218911956840045
133,3112,1.2702469020261622,1.0026883794434673
133,3114,1.3185022477684454,1.0456609370108474
133,3115,1.392477878239624,0.9425368022389967
133,3116,1.3330692750094033,0.9538883415750661
133,3117,1.6282368719865032,1.000778919602914
133,3118,1.4865046734244483,1.2167466457745937
133,3119,-0.8141956774191804,0.779997997383503
133,3120,1.713735609488069,1.093614548948249
133,3121,0.9251446411452215,0.8347235126093775
134,3139,0.7000313944767548,1.5603785167855941
134,3140,1.452197395557529,1.3230290058427796
134,3141,-1.1349714827544248,0.9206859513186451
134,3142,-0.9301697495621325,1.511190857365817
134,3143,-1.3661304702330688,1.0517664857243725
134,3144,-1.09409256935388,0.8037458424435155
134,3145,-1.0039902296993088,0.5753085168335219
134,3147,-0.5073578559269647,1.2384046566365374
134,3148,-1.0772629618748821,0.7675895109644115
134,3149,-0.5021379735928707,0.3923443229099959
134,3150,-0.486447970203684,0.5819458817212502
134,3151,0.1470667343789679,0.8824788569873685
134,3152,-0.9653984138723909,0.7143244012654408
139,3509,0.9688131230539357,1.1413175938469298
139,3510,1.2760146226926223,1.3325461132508027
139,3511,0.7528041119368538,0.8548488832752787
139,3512,1.7582802148081713,1.239376117818615
139,3513,0.10563405637406845,0.7919722596255894
139,3515,0.9353303656671026,1.0431750422645654
139,3516,1.3156994281989847,0.5411979042030384
139,3517,0.8312930388658287,1.002919061766675
139,3518,1.6297988515102309,0.1914919601287919
139,3519,1.3770564454065597,0.48708928825618614
139,3520,0.7090367470616454,0.7231730162782639
139,3521,0.40824847269584197,0.6915879784153194
139,3522,0.05075736298419112,0.8013289387874944
139,3523,-0.1537163951579913,1.0482448619003968
139,3524,0.5120027264755596,1.2198185053344073
139,3526,1.020881157355455,0.4117914866124111
139,3527,1.4767652533946665,0.25027396993042095
139,3528,1.1172432200711795,0.6105760860992785
139,3529,0.11329851437594571,0.9582894321173061
140,3554,-0.475628515137011,0.5983105658441766
140,3555,-0.055895939307281206,0.09157503585198004
140,3556,1.1996621090439088,0.8003039895480344
140,3557,-0.621171277336014,0.05446659248686068
140,3558,1.2854725206524833,0.2653199362565303
140,3559,1.3774023524726573,0.6357713560571455
140,3560,1.4330916317097673,0.6172965711557844
140,3561,1.4635887866768034,0.15022013334374393
140,3562,-0.6170387548590005,0.20061497347183666
140,3564,0.29746974962409845,0.2369308243907749
140,3565,1.0800124073533177,0.8686195967798946
140,3566,1.0420463188245626,0.2725843814358679
140,3567,0.005175830928806108,0.22269999732798987
140,3568,1.155865333714857,0.27393113690897997
140,3569,1.1546493696555957,0.37083481202851787
140,3570,0.4180659128841227,0.8482137810299752
140,3571,1.63548175242791,0.45068444883145786
145,3696,-0.30448637400580686,0.388432195359149
145,3698,0.05780073131608127,1.2800285905537665
145,3699,-1.1351034605263879,0.25362691114530894
145,3700,-1.1927186785740367,0.9277010321644532
145,3701,0.6597599065185534,0.9174353865953411
145,3702,0.7554945505259238,1.5884035100024798
147,3752,0.015635663499380892,0.9817919253129685
147,3753,1.2607069697048432,0.6883784902854051
147,3754,0.5098124465128157,1.2168700771520586
147,3755,0.8245277803369904,0.4775749994447334
147,3756,1.4380925625201515,0.47391783740827037
147,3757,0.7487281894162395,0.5428308250872532
147,3758,0.7279253633568215,0.8422100389940973
147,3759,0.40401122327744715,0.8637418407283336
147,3760,-0.6982302262083976,0.14356103311845897
147,3761,0.28868094432546254,1.1679512592985408
147,3762,1.3041782674615106,0.7853087683671799
147,3763,1.1840068781624846,0.43572121185000484
147,3764,1.0206867241202942,0.8040367064063221
147,3765,-0.8547349626212304,0.4922865815082711
147,3766,0.6401825901283671,0.36333542049894957
147,3767,0.6353810391652844,0.783915108678777
147,3768,0.4358204126717602,0.5321704707948962
147,3769,0.724363577003503,1.194778574361403
147,3770,0.28417676913053047,0.5989097089165617
147,3771,1.3400761765258777,0.42752983906698594
147,3772,0.5626603379578491,0.41414289576937485
152,3876,1.2008367803624918,0.43851359442278415
152,3877,0.7759928666313758,0.47507659318195583
152,3878,1.666417743068808,-0.014185153509333841
152,3879,0.9429924362646407,0.18168265691540741
152,3880,0.9006322366684936,0.129056610236218
152,3881,0.9935632112174386,0.34184586674347517
152,3882,0.6653271479936489,0.781564917859725
155,3950,-0.7972079758341643,1.0592656438999
155,3951,-0.9515852256534546,0.42116742817268915
155,3952,-1.021767236585188,1.0191827839548326
155,3953,-0.5571910408718761,1.2685579504079976
155,3954,-0.008994356167061623,0.3082120092645691
155,3955,-1.2678412712964686,0.17631395195674346
155,3956,0.025886715686894726,0.9927095864601709
155,3957,0.5097383743156212,0.5401609982927653
155,3958,0.504805544999714,0.54289148333727
155,3959,-0.8064999094645391,0.1845972333656328
155,3960,-0.8797855572819705,0.16881773015335697
155,3961,-0.948253246443683,0.9399115224379071
164,4196,-0.03227822055113466,0.4277267701446845
164,4197,-0.4589603638559987,0.601005260006447
164,4198,-0.4957123539048704,0.734297220921122
164,4199,0.5495007758031824,0.983324544492912
164,4200,0.0052579035171475275,0.8175220204795604
164,4201,0.008990257197573792,0.8695637563589459
164,4202,-0.36406862440309684,1.0297815691099985
164,4203,-0.1619511821460301,0.9941198860179116
164,4204,-0.1592399115887387,0.8509013896536626
168,4270,1.2311842567186717,1.0783670289643577
168,4271,1.0878785648520743,0.8487171674325653
168,4272,-0.05553223516350975,1.1527404023451098
168,4273,1.7370941272761589,1.114194138409403
168,4274,0.6830174144726153,0.8160970450415529
168,4275,1.4893561564613285,1.0749674632331396
168,4276,1.6311208409089075,0.7084557814666803
168,4277,1.8635741422222498,0.9778385251177113
168,4278,1.5107019534940331,0.8642771196129803
168,4279,1.612631203765726,1.0910627440347884
168,4280,1.5562464626776655,1.1292970513367706
168,4281,1.3492434854536897,0.8928850260049335
168,4282,1.8864042980243552,1.0572068620187633
168,4283,1.3016790834765792,0.40569858816246646
168,4284,0.6279647659730611,0.49267807010832976
168,4285,0.9265503943446112,0.21626005305264845
169,716,0.4945156294712251,0.9105602014445353
169,717,-1.1125458056695519,0.23224909026541052
169,718,-1.7473917584169658,0.1084102364837943
169,719,-1.0972839723505883,0.7289980911462601
169,720,-1.1914939180537456,0.6976932118598242
169,721,-1.213487670976097,0.21670291078848067
169,722,-0.9366447663850603,0.6689280733705438
169,726,-0.679351380285091,0.9871639141173703
169,727,-2.1104657398577977,0.2299068596661505
169,728,-0.6318565016879909,0.8022730821443034
169,729,-1.5462528306802192,0.4680514575280793
169,730,0.44503069557337416,0.49948361075612835
169,731,0.03979599666534667,1.1164777595834634
169,732,0.4354793782684215,0.29703388351473015
169,733,0.9082401775867897,0.9248786987184543
169,734,-1.0215818997540365,0.03636031807318811
169,735,-1.4303639418217973,0.14260209241060448
169,736,0.1529606240630343,0.9516290569181078
169,737,-1.4758214788566248,0.31268502826505706
169,738,0.7743747384238994,1.1943665928319336
169,739,-1.1434235253875644,0.24908337432915117
169,740,-1.8829895053669694,-0.0408158002349594
169,741,-0.2841427207478895,1.1692539228317045
169,742,-0.18087647864251866,1.0292451227526676
169,743,-1.4883036114516164,0.375936876686824
169,744,-0.865284972620993,0.4224103480750675
169,745,-1.9300984403955166,0.28954129073872686
169,746,-1.3868286783792172,0.3358458045454195
169,747,-0.1103780239188212,1.1493116470604785
169,748,0.9193639279488942,0.5464412812376646
169,749,-1.2371723692884162,0.16920871486602168
169,750,0.39911622191638596,0.896790589443424
169,751,0.550404988597122,0.7411117287437131
169,752,-1.2686776374574826,0.1543059719401237
169,753,-1.3326578277739176,0.697243144428461
169,754,-1.188399680592662,0.15098074885027446
169,755,-0.5098485883357223,0.8105934917425722
169,756,-1.2994026923693998,0.068552375825461
170,4343,-0.3883378254264691,0.7319123163611454
170,4344,0.14527878592669097,1.3393765582117094
170,4345,-1.1524864960730885,0.49728297092294327
170,4346,-1.219323786151958,0.579571657177275
170,4347,0.6425128505824013,0.888402119165369
170,4348,-0.8430556223614376,0.5737956316740976
170,4349,-0.5915632599250961,0.9178015646024669
170,4350,0.809690675820069,1.2158521004743201
170,4351,0.43296775834783113,1.2598716212928842
170,4352,-1.0376229102692154,1.418736401946199
170,4353,0.8031742283214008,0.8473445349499271
170,4354,0.22991133395280522,1.2214330287603756
170,4355,1.4600022088373676,1.2127668231670663
170,4356,-0.22047409917397265,1.1533188689694613
170,4357,-0.11726513464922109,1.2279137325541556
170,4358,0.9697604738813069,0.9886564178446486
171,4380,1.0481814291776712,1.180298428906323
171,4381,-0.9826667737123251,0.8237064629244512
171,4382,-0.24511844163429006,0.6480844784115113
171,4383,0.4007663111148109,1.2493116231203762
171,4384,-1.194311783250376,0.3097137172022143
171,4385,1.2549841506236876,0.7345166599688158
171,4386,0.8242804694892442,0.9950452373159675
171,4387,1.267727199048683,0.6894672789683753
171,4388,-1.3659575130616664,0.23130040053297762
171,4389,-0.8109324354223326,1.3969906465189499
171,4390,0.8089860649719073,1.1561514580619858
171,4391,0.4878754744959318,0.36971100794807016
171,4392,0.8764944171821021,0.8516913018048688
171,4393,-1.2662166586979011,0.816277319177089
171,4394,-0.8514205903094547,0.8445200321212838
171,4395,0.7878167040796363,1.2610521867024085
171,4396,-0.999289930156567,0.5203531511876945
171,4397,1.2426679059014871,0.9632185437249579
171,4398,-1.0488633009296584,0.41484273897531143
171,4399,0.47753798856367646,1.1560758789239571
171,4400,0.26468180791534246,0.4672004314780869
49,4873,0.5983232671971161,1.301536875375704
49,4874,-0.08282137066395376,0.48933857919270535
49,4875,-0.16015048119722905,0.7796264896831788
49,4876,-0.8302295155384694,0.3024151992277708
49,4878,-1.2455973339726603,0.14796709793161278
49,4879,0.12418649680322251,1.5050527220386938
49,4880,-0.9212602057118675,0.13614719354201615
49,4881,-0.011070839739011962,0.7844999212336645
49,4882,1.4525729856798586,0.6084463253931855
49,4883,0.342529590411348,0.9773344382680851
49,4884,-0.10465289875898237,0.9319272704923991
49,4885,0.6250869970849884,1.396779731272093
49,4877,-0.011070839739011962,0.7844999212336645
49,4887,-0.5457746302075691,0.42982020499876705
49,4888,-1.1074333891960806,0.3893173836935102
49,4889,-0.9261907424669259,0.5912448183365052
49,4890,-1.2115195959418956,0.844539008675929
49,4891,-0.6030570416922117,0.844629773564705
49,4892,-0.8650441524718522,0.4919840918714677
49,4893,-1.3257843131887612,0.3956562727797437
49,4886,-0.8868175051243467,0.5477170289997264
49,4905,-1.0697803386826292,0.7290428370254097
49,4906,-0.702038768707937,0.3824644826770649
49,4907,0.21244872041064383,1.5261798778723945
49,4908,-0.5918870121912401,1.2257797291008226
49,4909,0.683142119010667,1.3418165260212949
49,4910,-0.15751705947725336,0.9910292606659405
49,4911,-0.3872721768667269,1.0090515398126347
49,4912,-0.9369039570602168,0.4479095042881278
49,4913,0.6071780803261576,0.7911531636672462
49,4914,0.5381362845872638,1.2257409913881978
49,4915,-1.0976526161564906,0.6926002576098809
49,4916,-0.983658641909018,0.47096625765958455
49,4917,-1.1211903391365774,0.5095926291348818
49,4918,-0.14246708819555065,1.089971844395078
49,4919,0.4697041264782714,1.4164128267051257
49,4920,0.5427281533831334,1.249489271814308
49,4894,0.2113400612357711,0.9504672893412489
49,4895,-0.09148958623228123,0.5310202078989222
49,4896,-0.979913552829448,0.36461507535311133
49,4897,0.6214801920642674,0.9124545593844193
49,4898,-1.1818068046071533,0.4392012726626285
49,4899,0.778625524360875,1.6359447988052445
49,4900,0.29727743034917276,1.6823513249960396
49,4901,-0.1617233549302717,1.8120148381994774
49,4902,-0.1754570371574285,0.5565209710794374
49,4903,0.2841590045300336,1.430322513271106
49,4904,-1.2115002838309377,0.45871457697388957
49,4932,1.2225906732001812,1.122433426975621
49,4933,-0.8894679797018439,0.7097749382078977
49,4934,0.828763386147902,0.6438346105996902
49,4935,0.4785681505094751,1.6239408041490626
49,4936,1.107597602972908,1.3985570300583225
49,4937,-0.7160449572521245,1.404604523609474
49,4938,-1.6321572564584748,0.3368794349805496
49,4939,-0.8332985408429902,0.6757619313567672
49,4940,-0.1279883950673675,0.3600474024888076
49,4941,-1.1930854943729405,0.21023982895862797
49,4942,-0.9409326167845804,0.043188866271920645
49,4943,-0.37288844901485074,0.7885636456174587
49,4944,-0.44835118468113105,0.7559465398575375
49,4945,-0.75977542167604,0.6352709922627949
49,4946,-0.17803229523665037,0.6923486332211917
49,4947,-0.06102468941953501,1.1971990204914416
49,4948,0.05222445545723808,1.2278445216996188
49,4949,-0.08054789253606082,1.8114454196507075
49,4950,-0.5186925979733629,1.8314060923874294
49,4951,-0.1581883006931709,1.4310342569991812
49,4952,-0.9449419912030863,0.1777299728825388
49,4953,-0.29715354421165685,1.936645568868126
49,4954,-1.4507505967634717,0.006823455626338543
49,4921,-1.4288172592684982,0.025600846129652313
49,4922,-0.6234430217106932,1.3482702944671574
49,4923,-0.47621695738469033,1.0742423658185851
49,4924,-0.13667637993839724,0.9642318266379415
49,4925,-1.4115378406845738,0.14640951913490724
49,4926,-0.47493534718228664,1.4532997478765837
49,4927,-0.08562598592293633,1.1863033495018716
49,4928,-0.14892456415854124,1.1229548019394335
49,4929,0.6618507285552331,0.6155828928600002
49,4930,-0.13667637993839724,0.9642318266379415
49,4931,-1.154889580608056,0.2655350565733939
53,5224,1.3811533924649246,0.8624885768573703
53,5225,1.3637646223118027,1.5619168572833413
53,5226,-1.2313343894962077,0.28697370986500886
53,5227,1.2083664627893618,1.3662915255383208
53,5228,1.279248128526862,0.7980956157650193
53,5229,1.4725731484783773,0.11667148297811583
53,5245,1.0123810888091545,0.624210867649537
53,5246,1.2876341385984151,0.4929641061406192
53,5247,1.0989561575178235,0.6186384238016335
53,5248,0.15712761527548996,0.21098328400478794
53,5249,1.5585413905961654,0.5052498714393339
53,5250,1.2068785585902178,1.0510276997632855
53,5251,0.03653100570366821,0.2078628419812577
53,5252,0.19537002588376406,1.439819275621685
53,5253,0.19775152078757105,0.37670557873741
53,5254,1.4567334895834385,0.5050801443853185
53,5255,0.9165759572143783,0.3652042979499859
53,5256,1.1887307640497218,1.110869493776158
53,5257,0.6567446371101971,1.5200938563634057
53,5258,1.072535525492353,1.5449065920716931
53,5259,1.2907695467066156,0.9420425097978078
53,5260,1.3260035174426206,1.1807471901407531
53,5261,1.3260035174426206,1.1807471901407531
53,5262,1.3795373536169209,0.26528393338850415
53,5263,1.3360025235790034,0.2775527022269772
53,5230,-0.372366133095434,0.14484388546884608
53,5231,0.41044400031891304,0.5754894490580367
53,5232,0.22482902962560283,0.6146790321955014
53,5233,-1.0816917714122134,0.27006814881295726
53,5234,-0.004318891226747404,0.733807590816103
53,5235,1.06536425126814,0.865167836236518
53,5236,0.15712761527548996,0.21098328400478794
53,5237,-1.29311106013276,-0.07979237225265831
53,5238,-1.2423057496713552,0.01613221578446904
53,5239,1.3929203594491777,1.0215108065881915
53,5240,1.7116037603363605,0.5541876173798017
53,5241,1.4406718140258983,1.3906695835683196
53,5242,-1.210184327090631,0.0628528464028512
53,5243,-1.3442811149451095,0.07055814622119168
53,5244,1.4595727083235155,0.732313974425125
70,4840,1.2548681494830385,0.918887490962442
70,4841,1.4916630752532276,0.9631308818773735
70,4842,0.4638746211369841,0.7464164533023843
70,4843,1.4018944931614246,0.1347120751418534
70,4844,1.2481036622903496,0.8659461858148384
70,4845,0.7128224844022828,0.6211601170795893
70,4846,0.0067887724795376025,0.6259593238873095
70,4847,0.9390849703167075,0.855378460754268
70,4848,1.319802923563933,0.9838237123248068
70,4849,0.1338443744463244,0.7620443759369901
70,4851,1.4484861258709758,0.9067518243540919
70,4852,1.3949154934669035,1.0096212719281952
70,4853,-0.2989699980555317,0.9443443999619973
70,4854,0.24846862943322165,1.3332199740206074
70,4855,0.6807857974718716,1.0612455573517268
70,4856,0.8578887598700116,1.1145096649780066
70,4857,0.3752990411117338,1.5576566683912159
70,4858,0.8233660888389729,0.6592790370347271
70,4859,0.6579421394950942,1.2101418363302496
70,4860,-0.48262792680084465,1.300820062371178
70,4861,0.8423882357650532,1.2595096200698985
70,4862,1.2329432456621656,0.7815338967637804
70,4863,1.0703323050863547,0.4894421935386343
70,4864,1.5133617322644337,0.7726861675807173
70,4865,0.8415961218348549,0.7597212463765339
70,4866,1.3596139781014622,0.9082521381724404
70,4867,0.8226739244118568,0.7978202111434629
70,4868,0.5673273339405245,0.5469779989083853
70,4869,0.028010815798426084,1.9026928168642745
70,4870,0.7806325242272347,0.6294366762925978
70,4871,-0.2519052225143339,0.5542869447944485
70,4872,-0.010874033120641273,1.2993160418167953
70,4955,0.34960769649732437,1.160725615286464
70,4956,-0.21744816608727519,0.3884221678716039
70,4957,1.1430972505013894,0.6758684222510769
70,4958,0.5820040031488214,1.3897616682131613
70,4959,0.24805000721551754,0.6455932062801293
110,1929,0.7259841174363528,0.2174469339864975
110,1937,1.0480930598135114,0.7515000128788671
110,1939,0.7814039392305253,1.0901934508559568
110,1946,-0.06331262808173638,1.5756587196248462
110,1948,-1.0364921775235185,0.4876449646985309
110,1949,0.8214877876305533,1.1212298086198962
110,1950,-0.5969288653393373,0.37101653344857544
110,1955,1.276904646066367,1.241890862858348
110,1956,0.9126279680294057,1.1929833489128003
110,1958,-0.8282091277754484,0.5912845158028511
110,1959,0.08871277073329804,0.267885275601256
110,1960,-0.9921760448541525,0.18481217813441403
110,1967,1.0275148791457962,0.812072139141579
110,1971,0.9582813259436082,1.1574621403552579
110,1930,0.18972236507026743,0.47192244720357607
110,1931,0.5564023160072723,0.5512282128144681
110,1933,-0.992848811977193,0.2283273219575364
110,1934,1.0145017299352248,1.11465368684629
110,1935,0.16206133657489383,0.8967301808149956
110,1936,-0.43229608908605927,0.7587468069725929
110,1938,1.1444326043742055,0.8445127316056815
110,1940,0.9082696252679884,1.230017857511597
110,1941,-0.44837242927356213,0.7317639360453682
110,1942,-1.415986206631078,0.4097993616452792
110,1944,1.2254501735891488,1.1379298501889177
110,1945,0.03111545505680436,1.7163743598604646
110,1947,0.6181302315306477,0.5240925751785387
110,1951,0.9341402506681635,1.4547419820392273
110,1952,-0.9155837142124376,0.7631436311260822
110,1953,1.2553168864404132,0.24017415064871128
110,1957,-1.4541286342583353,0.24960669751015266
110,1965,-0.7729480331464139,0.31593697419393973
110,1966,0.8483325456615978,1.0312352772285491
110,1968,0.9915079432579615,0.7824395509432424
110,1970,0.686541446348666,1.4587358404416984
110,1972,-0.6439911130260166,1.444271733493072
135,3154,0.16163981573051636,1.385217801487078
135,3155,0.09600145450085867,0.5611420234257676
135,3156,1.1461134633482732,0.8121054213213164
135,3160,1.1443050873445677,1.056465224770426
135,3161,0.16163981573051636,1.385217801487078
135,3162,1.0085332317013405,0.6342656612069422
135,3164,0.3558766389472243,0.351030407738236
135,3167,0.5670514069641822,0.917914952812613
135,3175,0.8617227659081901,1.30316188788178
135,3176,1.0380047939049761,1.083216174635548
135,3178,1.0380047939049761,1.083216174635548
135,3180,0.3226561318491562,0.7703931889476351
135,3182,1.0380047939049761,1.083216174635548
135,3187,1.1625109097731763,0.7567741703143225
135,3192,0.4508857058553908,1.4241261110749235
135,3153,0.2898519129536247,1.5603317167695543
135,3158,0.8905607447530757,0.5709635526474099
135,3159,-0.6973708073610182,0.6968956626057948
135,3163,-0.13492147572879012,1.4587275486008053
135,3165,0.5605087492492173,1.6322473251847431
135,3166,1.190643547906293,1.235756152063263
135,3169,0.6468718747760298,1.3824770159311444
135,3170,0.8061049410830113,0.9971587661087322
135,3171,-0.009868389275220914,0.7497479483748548
135,3172,0.10036301526669611,0.9282979388216754
135,3173,0.5148466544298409,1.26002231991909
135,3174,1.200699057796637,1.274824553637881
135,3177,0.7013839011960868,1.2117185405631086
135,3181,0.9888104285796702,1.029212776181402
135,3183,0.7714548606456235,1.3551475911408413
135,3184,0.4612458556277633,1.482904604069918
135,3185,0.4373870349253322,1.2743699579978034
135,3186,0.8497955897172124,1.0926437450791902
135,3188,0.15039212970296428,0.8845437793515379
135,3189,0.6926928128631233,1.4838071989139172
135,3191,0.7798525925871198,1.2788861354715215
118,2431,-0.23428458214965486,0.21595236143528
118,2432,-0.18228447332592862,0.6537817863190353
118,2433,0.4965374440700566,0.48437021561268745
118,2434,0.527516661652988,0.14839764754371215
118,2435,-0.04353464266472305,0.9185396730949663
118,2436,1.094078601841313,0.5244133517996863
118,2438,0.8141745135093047,0.4266048319324416
118,2439,-0.2492831157300621,1.4669188978436618
118,2440,0.6235579434534344,0.7777977248840793
118,2441,0.5582015841841129,0.7900027600635045
118,2442,0.7540989252065343,0.6591218265670342
118,2443,-0.8160298255578867,0.5844909736370171
118,2444,1.0080241655884608,0.6726764296018672
118,2445,1.0027647643828452,0.9145022418754605
118,2446,1.276752157920437,1.0008965317962153
118,2447,0.6812407182505216,0.4570098921914249
118,2450,1.2565204098797413,0.8627015083268805
118,2451,-0.5543173755188803,1.0727421251457219
118,2452,0.6763212432434802,0.2909147057255421
118,2453,0.42836879401171485,0.8137646901025656
118,2454,0.4711159269021616,0.5734112429035992
118,2455,-0.22452837282941462,0.9325619287331226
118,2456,-0.34626094924351414,1.0974692382599693
118,2457,0.47323313427435343,0.6645064098553006
118,2458,-0.1933503115044915,0.6252302688389902
118,2459,-0.2838929096963809,1.1083755321272852
118,2461,-0.017712203063227683,0.7601420910759175
118,2462,0.43518844213771074,0.7075856783648136
118,2463,-0.17355461823165005,0.7804789582485978
118,2464,-1.3758437303966784,0.48340408574543076
118,2465,-0.4915535470871665,0.2697874093515006
118,2466,-0.17470017511992833,1.1221855982409317
118,2467,1.543046914109949,0.7506431980902104
118,2468,0.00333737243530266,0.8238200948483553
118,2469,-0.8079326886149844,0.2417847717752211
118,2470,-0.6331152925258694,0.47405767592337505
97,1257,-0.3039223652589352,1.0003711168545735
97,1258,-0.24744100087204962,0.8081629695472226
97,1259,0.7047850143457037,0.4963555288634328
97,1260,0.786979535840607,0.4143810049904726
97,1261,1.390646237096297,1.1493272945133035
97,1262,0.7700128046899513,0.9221814486871991
97,1263,0.01732631393329004,1.1459343858724682
97,1264,0.6884246668147043,1.0956756190302386
97,1265,-0.9526628108849032,1.4782345872267617
97,1266,-0.6095790201035529,0.9647607332181334
97,1267,-1.3577397120759884,0.20102589813570337
97,1268,-0.2638532557493629,0.9539433919573774
97,1269,-0.10273017625815915,0.3185029260962241
97,1270,-0.6995470216137242,0.7572792754387208
97,1271,0.8551946879195904,1.0542123898804379
97,1272,-1.0856688466868158,0.5124305162108728
97,1273,-0.7658182764110812,0.8976416685673749
97,1274,-0.5359095916340111,1.0476553991572914
97,1275,-0.7672797576310006,0.9199167244097495
97,1276,0.19068715704357342,1.0383407699017762
97,1277,-0.2317036192622895,1.115327582326623
97,1278,-0.8901953895808666,1.0226744716137528
97,1279,-0.9104331163794327,1.0374635513742017
97,1280,-0.2884561274688293,1.0234713425883795
97,1281,-0.44494579511678056,0.9782248382470984
97,1282,-0.8875588992190704,0.5686724363044843
97,1283,0.05977799745273989,0.6923612976048907
97,1284,-0.7150465417604571,0.5615342972005205
97,1285,-0.3674406560482588,1.2765629978746538
97,1305,-0.3826258307040457,1.4485155204150815
97,1306,-0.5039715158927622,0.7538124911279792
97,1307,0.1855010305902547,0.7431748715056135
115,2326,-0.24953983991593112,0.3415321707751158
115,2327,-1.1297562438267001,0.42941327006560615
115,2328,0.47953028264727526,0.2252051342419117
115,2330,-1.056346853308507,0.12121237875681877
115,2331,1.3167406250960427,0.6755793782506503
115,2332,1.0952819514067087,0.933759828095339
115,2333,1.349739493646796,0.6965237300009105
115,2334,1.2733745213416419,1.2302553785601793
115,2335,1.1297450976376893,0.9883668375996686
115,2336,1.2250030013848283,0.7870585709408513
115,2337,1.295366624130256,0.7749915389721853
115,2338,1.135147292970785,0.9560154136983496
115,2339,1.3808034717092306,0.770138366766793
115,2341,1.1152252248724412,1.078064947757116
115,2342,1.3062328668556802,0.8615269418724996
115,2343,1.5134500004181908,0.5251900108081562
115,2344,1.2436147359347585,0.7306891209728705
115,2345,1.1499005812724368,0.6554857735326838
115,2346,1.2186331620969264,0.9867497065172484
115,2347,1.2463696989191815,1.1401338921303201
115,2348,1.6617771939541202,0.5532344340981431
115,2349,1.206761844376488,0.7998106502054672
115,2350,1.1394544064844911,1.1790401246679973
115,2352,1.3243986672239227,0.5025616537043953
115,2353,1.201471460554273,1.0151809143598776
115,2354,1.1407037230209462,0.7936903939647654
115,2355,1.3111284448645093,0.9789666487042936
115,2356,1.502703187144014,0.740764678400742
115,2357,1.2436147359347585,0.7306891209728705
115,2358,1.2156123791180136,1.1152234110752968
115,2359,1.301086281653137,1.128019334341878
115,2360,1.2476453729255945,0.6804944997479427
115,2361,1.3983355159400486,1.0621975460507884
112,2007,0.7654320296501205,1.0384327193192882
112,2008,0.901808311615717,1.0841411105278698
112,2009,-0.36905685123926313,1.0701409926734793
112,2010,0.901808311615717,1.0841411105278698
112,2011,0.901808311615717,1.0841411105278698
112,2012,0.901808311615717,1.0841411105278698
112,2014,0.2750133717170849,1.0939745795788123
112,2015,0.901808311615717,1.0841411105278698
112,2016,0.3164689053504607,0.8292418416850101
112,2017,0.7096271892447484,0.9811192442143826
112,2018,0.03181006096113528,0.5495455692253018
112,2019,0.07645222490449284,1.1338378247891288
112,2020,-0.23851144548250616,0.5448284281149636
112,2021,0.4112932000591625,0.8761882621840108
112,2022,0.07829126552160584,0.6854564448077427
112,2023,0.4397415542870467,1.2167412038859071
112,2025,0.901808311615717,1.0841411105278698
112,2026,0.8726429682841848,0.9875852398173283
112,2027,0.901808311615717,1.0841411105278698
112,2028,0.8508359795650079,0.988975619538284
112,2029,1.5743771137048865,0.881760703519535
112,2030,0.930277744336252,1.115382349615458
112,2031,0.013637584363640709,0.803300074735211
112,2032,0.9475359966859747,1.1676999743335545
112,2033,0.9475359966859747,1.1676999743335545
112,2034,0.9475359966859747,1.1676999743335545
112,2037,0.9475359966859747,1.1676999743335545
112,2038,0.9240794443362519,1.0913813296154582
112,2039,0.7445085704576048,0.8606384910545783
112,2040,-0.6412921344426542,0.6663493723704585
111,1973,0.7941122200538504,1.2843688158333728
111,1974,-0.8284937305054036,0.263603469699639
111,1975,0.2631278694691209,1.2326707111321897
111,1976,1.2094391606080896,0.9118656080993691
111,1977,0.6620035145581188,1.214768359829256
111,1978,1.2813892183767317,0.2724469641677077
111,1979,0.637851941685181,1.2782955331463464
111,1981,-0.4262373789023531,0.5672094360017126
111,1982,0.2116998226188503,1.6166581372478561
111,1983,1.078991565287372,0.2057013111405217
111,1984,-0.8382197241511731,0.6268633209405385
111,1985,0.5338656710823361,0.7974671655027405
111,1986,1.1009621980427664,0.22064058301201522
111,1987,1.3062687580891463,1.1460547479813392
111,1988,-0.9538494329729345,0.3251913290963958
111,1989,0.0651176065503422,0.6493986376850713
111,1990,-0.01938328187042393,0.3726844031929011
111,1992,-0.08181951041872383,0.9149117353043215
111,1993,-0.10058348339465267,0.9368742345298968
111,1994,0.05265204093536609,0.8004129117726948
111,1995,-1.5367257713679805,0.8188933223177599
111,1996,0.44993788384652983,0.40924361732544556
111,1997,-0.19163696590748439,0.4092346841033222
111,1998,-0.8280236042262354,0.8253624994067984
111,1999,-1.0388881422346092,0.29201670607844676
111,2000,0.29875879251198134,0.6365431150407441
111,2001,0.8913240205418688,1.0588862603613134
111,2003,0.7316015370605373,0.4752743023524423
111,2004,0.9711555932764937,0.04252968172890456
111,2005,0.16888778518923678,1.1567687406683287
111,2006,0.7821663318003955,0.3706567960613713
181,4613,0.49582606432694093,1.3329605485626637
181,4616,0.7162719786497106,1.0751134494796153
181,4620,-1.1582662157624686,0.3038422624183736
181,4621,0.31702669598048167,0.5828261003504549
181,4625,-0.4532514087437486,1.1291849694221483
181,4627,0.012010143025632636,1.1874301434837957
181,4631,-0.3660856906077729,0.42350769469327537
181,4634,-1.086682806471627,1.0285126207811568
181,4635,0.537087469994796,1.3531180163960108
181,4639,-0.39558645694930594,1.0428413735742534
181,4640,-1.0919338901152789,0.6112725382960856
181,4612,1.0005899813103534,1.123283516554555
181,4614,0.12964599824605944,0.7851267096589983
181,4615,1.0862246683531913,1.0424952181151945
181,4617,-0.3021580617390768,1.236724584474716
181,4618,0.546067362970394,0.7967604694694184
181,4619,1.084252529617606,1.1727524281937458
181,4622,0.16009064321065708,0.8639276020751879
181,4623,0.44275433876440407,0.7398265116723327
181,4624,0.8279065977691007,1.0624554092527698
181,4626,-0.388389390149562,0.33584907951859094
181,4628,0.22850880558214887,1.0243486532567663
181,4629,0.15045193309675683,0.5106641036361439
181,4632,0.4594482150078411,0.9299084433813929
181,4633,-0.1082740179342846,0.5137173692467167
181,4636,0.792741756859598,0.8103512881582974
181,4637,-0.08295080443717484,0.3790656503984997
181,4638,0.38476822714696723,0.8791624008129031
136,3194,-0.23396548778426104,0.7022302904513229
136,3195,-0.09465268508882985,0.47590189399529137
136,3197,-0.33371803365779734,1.1347702495591303
136,3198,-1.0972505765888156,1.011306521399178
136,3199,-0.13473872039470317,0.9566494745211109
136,3200,1.1552796760969284,0.4885430737005675
136,3201,-0.2703279350262165,1.1254065103256203
136,3202,0.9825401572213109,0.3366505572456164
136,3203,-1.0819361986266216,1.1558794474439362
136,3204,-0.8073150300261747,0.8617878699469752
136,3205,-1.1267454874175202,1.086708429585511
136,3206,-1.2940358377684542,0.8795364488866114
136,3208,-1.0923371609514543,0.7190009085722939
136,3209,-0.8966994053430496,0.534534400208653
136,3210,-1.0720669476341844,0.9470761655162783
136,3211,-1.0601499534503114,0.9749722975779895
136,3212,-0.24990691196551665,0.4326342923640162
136,3213,0.6154143060557651,0.5834729219015597
136,3214,1.2916348545982572,0.3792979385322457
136,3215,-0.5601649245183146,0.5391585676601038
136,3216,0.22454131371062697,1.0274825055283527
136,3217,-1.1021997393675724,1.2501649258994278
136,3425,0.8180680235590111,0.8842839247396836
136,3426,-1.4446225688773444,0.09912806743176933
136,3427,-0.7779586668216893,0.08181975970289265
136,3428,-0.24166002094238925,0.4551018152103308
136,3429,-0.5472838574657706,0.9753156422631097
136,3430,0.08911440655871045,0.2647544291434096
136,3431,-0.841436350296571,0.7138473211135612
136,3432,-0.9833387029372618,0.438771850683745
100,1404,0.11944568184197206,0.9176492934396381
100,1405,0.526221655404304,1.1237320954403738
100,1406,0.7791678402195517,0.7652328780562645
100,1407,0.9476145365309785,0.8565855003793146
100,1408,0.6705176441563065,0.884630302786519
100,1409,0.3411761345112083,0.5186211748103953
100,1419,0.8073712680809588,0.7269262429180254
100,1420,-1.0364634663603551,0.2729984397967378
100,1421,0.5730027223840937,0.9057773344196586
100,1422,0.7154779271389574,0.7704200937962644
100,1423,-1.4132685946127683,0.05167715364102131
100,1424,1.088440713800743,1.0860451505262834
100,1425,-0.7286099718553127,0.4355303326883919
100,1426,-0.9279824314786698,0.24550318835027396
100,1427,-1.5722055215894049,0.05305789042971144
100,1428,1.0990544511877764,1.132611305740741
100,1429,0.9628068366842695,0.6608224779876684
100,1430,0.3696624760521306,0.6526056799988584
100,1431,-1.2236793675726458,0.17969162371689668
143,3608,1.199090072440992,0.9466620007009916
143,3609,1.1778529783207061,0.8145940842806407
143,3610,1.12376686943786,0.32449692138350983
143,3611,1.427647667692188,0.20497396308141602
143,3612,1.3907982015175815,0.44036034547222824
143,3613,1.7561813865024813,0.5385717188569381
143,3614,1.2793250154486224,0.08087116469978817
143,3615,1.0880568067345644,0.9926369732804101
143,3616,0.8341638104387337,0.941330030911794
143,3618,0.7952842067404107,0.6916151702920916
143,3619,0.6881418686142947,0.9904680041454708
143,3620,1.2802918757119577,0.2746980784709793
143,3621,1.3984623038923283,0.6684054056863187
143,3622,1.2461781394929683,0.8774370852020977
143,3623,1.2728902892531972,1.074353818219693
143,3624,1.0635473776892608,0.3295345943983029
143,3625,1.493752433813903,0.9311528021951332
143,3626,0.7754385753098048,1.0274563752031307
143,3627,1.0423652508029817,0.4774626526014241
143,3629,1.2890065272523046,1.307405146277707
143,3630,1.319932645308426,0.8117557404886788
143,3631,0.6950628400317258,1.3748801554224601
143,3632,1.2369130197875238,0.7577231543077387
143,3633,1.3778077218165052,0.816096057137377
143,3634,0.5303608656596674,1.3381119211718102
143,3635,1.0096131451163786,0.8606479778639291
143,3636,1.2024007797875238,0.7732855703077388
143,3637,0.8323398017537922,1.3440806701104577
143,3638,1.1406310134546123,0.9995938905649459
143,3640,1.0203950502329142,0.9745848946585692
143,3641,1.0412273362933682,1.1311504869691065
143,3642,0.9749852411537192,1.0272534344870379
143,3643,0.792014575405295,1.4431941566885818
92,690,-0.7337976327832898,0.3464391726138146
92,694,-0.9306931588816535,0.4185594668993359
92,695,-0.9601963264036806,0.8955831558871936
92,696,1.234618878064079,0.5729630357378074
92,697,-0.6420734411491127,0.48375707925380196
92,698,-0.7936602857644981,0.8926476123723954
92,699,0.7167985463678175,0.8310626766928426
92,709,0.7057893169809459,0.6418446620636313
92,711,0.051206004827405685,0.8049018056414294
92,712,0.5389914844664336,0.6202398200165826
92,713,0.8615840661882942,0.8632578962519205
92,714,0.4394531500609049,0.6071718554598886
92,689,-0.3111414212682893,0.9466647760159135
92,691,0.22870698547712884,0.27276411051554866
92,692,0.6555120347158492,0.04545842979862627
92,693,-0.3683952549600251,0.5955264925235377
92,700,-0.16352701002082093,0.40541804712421764
92,701,-0.15061356376610704,0.7140945049847847
92,702,-1.3986150683082492,0.4076802883528879
92,703,-1.3652275894707395,0.3110234969482121
92,704,-1.1747614749552056,0.42696933214788313
92,705,1.1179255289908976,0.389248784245006
92,706,1.3145449968885918,0.16459549242978672
92,707,0.939760726614582,0.6466262037117074
92,708,0.3830883884971651,1.4125908535865088
92,710,1.614105485067115,0.5274516716167635
92,715,1.7080463303522917,0.15160956496523398
104,1565,1.1091416285071776,0.4811370575174972
104,1566,1.116828241055859,0.7951617680826837
104,1567,0.7072471502899487,0.30133868851430584
104,1568,-0.2710619611633827,1.5340329564858242
104,1569,-0.7268695994950322,1.164987293327263
104,1571,-0.259137198429678,1.0998996265488095
104,1572,-0.5611279555313087,0.9547928888071435
104,1573,0.3460376001998966,1.143176783802629
104,1574,-0.46547100937143526,0.5975805005801089
104,1575,0.1420305620793676,0.89844160632286
104,1576,0.010996119393583442,1.211538673963892
104,1577,0.4401341091711614,0.8019432801059632
104,1578,0.6090755063383377,0.6445727291345145
104,1579,0.24593358253194716,0.6845037413805442
104,1580,0.026082015534677278,0.9815624423928626
104,1582,1.4238306455256478,0.6222360456719712
104,1583,0.11137364197851884,0.7767798819819941
104,1584,0.6196175627393236,0.5413717991224601
104,1585,0.011347697050078126,0.754455516989172
104,1586,-0.6374923280056984,0.5191011528003662
104,1587,0.6686150585077377,0.7897912561060623
104,1588,0.8858823543940082,0.9270793449653276
104,1589,-1.0448727693070285,0.2653660599737886
104,1590,0.9421257387893694,0.5905217816358568
104,1591,-0.5637846358434674,0.17317693129062842
104,1593,-1.3316029966482874,0.18021360959339128
104,1594,-1.0640816863010494,0.23693302394260743
104,1595,0.8847927273748393,0.4258721523196269
104,1771,0.8482231082470975,1.0348170426529149
104,1772,0.7657627947462853,0.7829687491623237
132,3066,-1.1307824122136094,0.35391157333221956
132,3067,-0.31651109883768347,1.2151635059762231
132,3068,1.0682874552825345,0.8104295083941663
132,3071,0.05353721793972248,0.6556051812374287
132,3072,-0.47499815514099875,1.351410453479734
132,3076,-0.051348743491396245,0.8794161211472136
132,3082,-0.9568828627483617,0.8101216271881394
132,3084,-0.8617921143751416,0.5025485734974908
132,3085,-0.7693725259056599,0.25154081695595903
132,3086,0.5025588974653954,0.3373414842764394
132,3087,-0.8580722186885528,0.6259903381869163
132,3088,-1.0133713232633017,0.39709517234711533
132,3092,-1.103327699196237,0.48615139080594727
132,3095,0.04520291403554228,0.6725724737098957
132,3096,-1.3667975235895524,0.45712901667019235
132,3070,-0.32398699601165526,1.8787677507908782
132,3073,1.3363335798662916,1.0971377883536262
132,3074,-0.706942923295961,1.1112326180760326
132,3075,1.2735542739838754,0.13690797816734962
132,3077,-0.2794618071917461,0.7854922336096115
132,3078,-0.7771693047999224,1.1854681459526988
132,3079,-0.772353680832165,0.832661626585763
132,3081,-0.2794618071917461,0.7854922336096115
132,3083,-0.8781152687562886,0.8440960606467891
132,3089,1.2867003744275283,1.0931895203076905
132,3090,-0.9318916426193433,0.28571421582584
132,3093,1.3467355026886927,0.23209326244976478
132,3094,-0.8651039244018258,0.39382753392874464
132,3097,-0.8262416106924293,0.8709747694488864
156,3962,0.7089653148677418,0.3240799714042822
156,3968,1.1628630032286362,0.4350615594747408
156,3969,0.1442234552774862,1.2075790546649352
156,3970,-0.8719943969933226,1.0297959386769138
156,3974,1.1211679338136773,0.3327315338540185
156,3975,-0.8569456589795067,0.7762420888358104
156,3976,0.5312268878772877,0.9961242985527845
156,3977,-0.3564534599731917,1.3647603816613734
156,3978,0.5349315724670803,1.2683105860400896
156,3980,0.6782495268185585,0.8726138667258554
156,3981,1.041356822308825,0.26464915609624173
156,3983,1.0722095012612436,0.2048349464437958
156,3985,1.0341266118728083,0.738257376735586
156,3987,0.16592637292716705,0.8323988378789767
156,3996,-0.007960694539835403,0.7801089880753145
156,3998,0.9175675963854526,0.2948018071364307
156,3963,-0.8345431616194889,1.2918043600662936
156,3964,1.2221577568488042,0.4424135807978625
156,3965,0.19510514895647094,0.2838103003341794
156,3966,0.42159480111249836,0.49903460382593656
156,3967,-0.39410168230040254,0.8450712582195308
156,3971,1.3872784502596711,0.09111692189358712
156,3972,1.4712320837956971,0.15701089911312438
156,3973,1.308903558586055,0.32000585611828736
156,3979,1.23731042071477,0.19036555650683873
156,3982,1.5588107202068766,0.10306495809458843
156,3984,1.141921657145977,1.157302199317097
156,3986,-1.1699719077314732,0.12990465412072172
156,3997,1.5751261946035053,0.23124001356240298
157,3999,-0.8586590404093388,0.9276758515636057
157,4000,-0.8973655191925436,0.9457242267263273
157,4001,-1.3721851709219985,0.3914419300425391
157,4002,1.4060197123474594,0.923752791555783
157,4003,-0.8226279532454543,0.4655398118337115
157,4004,0.9610946979607283,1.5856086149120268
157,4005,0.8897386388298606,1.2174690916052637
157,4006,0.4118001836066341,0.7035020837869195
157,4007,0.5608788656305908,0.9290120529364261
157,4008,1.159866461502033,1.0392433590870613
157,4009,-1.109380810225553,0.9807537360587841
157,4010,-0.14477902528049988,0.7426981742122039
157,4011,-1.1145728092611606,0.7318510814858004
157,4012,-1.010915089561259,0.44399308140531857
157,4013,-0.572273618182175,0.589387791112459
157,4014,1.152747730233147,0.9799815354413004
157,4015,-0.4881847688884552,0.6335129789796687
157,4017,1.4614563940743646,0.9472599587001421
157,4018,-1.564979264910876,0.17063015845425733
157,4019,-0.4496016383656347,0.8023180173973765
157,4020,0.4787287584782593,0.7216880064706577
157,4021,1.7484303948079662,0.7950298039711002
157,4022,0.9092264752588984,1.3421772556075868
84,207,0.7187921704341599,1.1484298590384667
84,208,0.675312708440625,0.8391747654528736
84,209,0.30305457771607197,1.3324899549164264
84,210,0.15609530863068782,1.1644082543769283
84,211,0.6706677387675015,0.9334357681342668
84,212,0.5414045098707702,0.8400901656648299
84,214,0.7187623689374131,0.7574362409356227
84,219,0.8752723955168268,0.8850284837721468
84,220,1.374516999616512,0.7073599916264293
84,221,0.8313465793299301,1.1042083689694275
84,222,0.8529499368441809,0.9045775931660209
84,224,0.074679379782668,1.215909944235548
84,225,0.6949081371122305,1.0283299077326427
84,233,0.7521141433917555,1.1322965894681878
84,235,0.3471020424711141,0.4502555002236569
84,236,1.011733966345491,0.86493894357461
84,237,1.3764992303210208,0.85955172224193
84,239,1.0027985041795697,1.0174167097751066
84,213,1.357962043717222,1.7221533345405753
84,215,1.2113217288262104,0.08098549029978093
84,217,-0.2430176403552914,1.923722068503415
84,218,0.7659518328441874,1.504163992680613
84,223,0.6200832966412669,1.4491731378486108
84,226,0.7345069789887784,1.797986308945578
84,228,0.9920771289214511,1.1289641331600522
84,229,1.2406023705876077,0.31525014318465483
84,230,1.1365059303034286,1.2756512502915238
84,231,0.8476163949638821,1.403587411042082
84,232,0.9686299954355994,1.7347324017885826
84,234,1.5767994949979716,0.2631271464202835
165,4205,0.28861464310428775,0.7073247883555186
165,4206,0.7629512894769217,0.5327151593113189
165,4207,0.4761190581228435,1.2867919657041083
165,4208,-0.7427645524109228,0.38220201858913294
165,4215,0.9631614924634966,0.829723184038849
165,4218,1.1823469762424197,0.8258205226198265
165,4220,1.0912257318403613,0.49823770474751045
165,4223,1.130897129180972,0.8871365235267754
165,4224,-0.6615019562225121,0.7234463874088528
165,4209,0.657243208230516,1.5079590252469788
165,4210,0.3356844069619732,1.0693088623970863
165,4211,0.4008585473821729,1.4611663828226118
165,4212,0.17066521928047093,0.815584470518205
165,4213,1.2512153139604338,1.431822787211674
165,4214,1.0138143004321019,1.3606479529417483
165,4216,0.30181566267350446,1.0008485969827587
165,4217,0.8629035968952647,1.2582034856160071
165,4219,0.1916930421939018,1.6745882403546588
165,4221,0.4848390595639539,0.8673195191193406
165,4222,0.6830890641846891,1.1196641416145494
165,4225,-1.281218714595789,0.2560385160037084
130,3018,-0.8173353875966242,0.52500367230563
130,3019,-0.1402235487591301,0.6593095597500767
130,3020,-0.2541621222661139,0.2880304733674984
130,3021,0.7605766673058649,1.173995938589024
130,3022,-1.0684236290682778,0.41266448040309106
130,3023,-0.7201582778451292,1.3804010321919713
130,3024,-1.2988916714505443,0.5745667733421556
130,3026,-1.2438588148463252,0.4408058794994425
130,3027,-0.6409930807248246,0.9023818183216942
130,3028,-1.2279557835232937,0.3175073903182286
130,3029,-1.2312516605778303,0.6833908030517536
130,3030,-1.426263662920399,0.2909158025730461
130,3031,-0.017110511128898526,1.1001988194381538
130,3032,0.980170028481367,0.9514054901408566
130,3033,-1.2581742739796455,0.4950648072422926
130,3034,-1.1351480714521645,0.8598734436230582
130,3035,-0.5927412578062101,0.729123980211666
130,3038,-1.1945169689628536,0.4032860157666928
130,3039,-0.5786393244459233,0.39863348439773494
130,3040,-0.2136456179516478,0.9982632160034572
130,3041,-0.42175928891086006,0.35860831308098373
130,3042,-0.7141266255567262,0.5651834966139193
159,4062,0.5952615127724824,1.3537984847797233
159,4063,-0.09303091456803081,0.8715999606001114
159,4064,-0.049895055191531076,1.2044132420100164
159,4068,-0.08975954277279302,1.029147479195876
159,4069,0.3207109363655687,1.2058122171726091
159,4065,-0.29456008260060257,0.27414565868510027
159,4066,-0.25245846563918634,0.505344332298386
159,4067,-0.7155017302405198,0.09431273058292569
159,4070,-1.4294689961926184,0.30892090999362587
159,4071,-1.082245271519231,0.4515586312091109
159,4072,-0.6343679566876479,0.9850603534639917
159,4073,-0.8702826883127127,1.0545021249445088
159,4074,-0.6840332733875802,0.554905184071148
159,4075,-1.0731319746712624,0.2980590849274239
159,4076,-1.0549101440168607,0.5769387624679125
159,4078,0.24306535907373727,0.7233998889698274
175,4477,-0.38693827669922537,1.1595187883360283
175,4478,-0.22609605764575044,0.2244581466048241
175,4479,1.1599207140564753,0.5332993238373822
175,4480,0.9151684026204344,0.17308818521735547
175,4484,-0.5656985415222295,0.8373895414619652
175,4485,-1.017430230363647,0.3819792361188147
175,4486,0.7999672853459082,0.805689998829072
175,4492,0.7688431610991686,0.37018906799526297
175,4495,0.9832841990544772,0.7756373096284188
175,4476,0.3602301052072243,0.6534735766609208
175,4481,0.7512649453830251,1.5513800350138975
175,4482,-1.0786366862132923,0.21588864888752035
175,4483,-0.5214819744017898,1.3782331520542703
175,4487,0.1488416727436707,0.3669925783104243
175,4488,-0.996671595310921,0.9910625227453163
175,4489,-0.05034008032364788,0.719636623499952
175,4490,0.6297339134586125,0.7763447890885226
175,4491,-0.3071655516279935,0.3832701053739564
175,4493,1.1022445350725896,0.15969482337992413
175,4494,-1.2484268282088877,0.07179028478473952
129,2989,0.49482844234815104,1.010848595955734
129,2990,0.05566052316212164,0.5062609692768014
129,2991,1.2167719682603026,0.7533864831969044
129,2993,-1.332721492684943,0.24329274715139587
129,2994,-0.2218954926035919,0.2761329945100983
129,2995,0.6043014447601792,0.5220330003615247
129,2996,1.128027087594626,0.45955906049560524
129,2997,0.5773601460445933,0.4620932208395704
129,2998,-0.4006334492781997,0.5615276233058365
129,2999,0.7157332603331036,0.7682176080331931
129,3000,-0.9800840165616711,0.09834991694083504
129,3001,0.36668845119894816,0.9725669231081342
129,3002,-0.02917030640796149,0.4080619451596652
129,3004,-1.2976966530629719,-0.01704544133073772
129,3005,-1.7055275712880165,-0.1037358819930412
129,3006,1.1970975404952886,0.93358346220969
129,3007,0.8312516664878156,0.5865980736514114
129,3008,0.6992366207614191,0.6286706003734597
129,3009,-0.9136549798196021,0.13941529494001106
129,3010,1.094777963784904,0.46695203580825717
129,3011,-0.3666898881866433,0.14053383679133097
129,3012,-0.08068070158091456,0.1624960154703768
129,3013,-1.1869967889947692,0.13633443993589256
129,3015,0.491229945856976,0.9486214657676586
129,3016,0.1967905074472054,0.33385952695476584
129,3017,-1.6244750434147135,-0.0157038083189134
65,4744,-0.4515816162024494,0.42873033375664205
65,4745,0.9298478330499392,0.6894368240893651
65,4746,1.2623143214426849,1.4671184354394686
65,4747,-0.8706333165755458,0.4749961228098003
65,4748,-0.5703883918925808,0.19056056651891615
65,4749,-0.5535533461209798,0.7014015698588713
65,4751,1.296592040096348,0.4596118981594934
65,4752,1.0970146019792306,0.8879954156115394
65,4753,0.206747560600416,1.6578416138214744
65,4754,1.1799081468944665,1.3287513614010824
65,4755,0.8938732115194247,0.9458433401129127
65,4756,0.985420194458886,0.8919519523896134
65,4757,0.8902679226001313,0.8587875529567577
65,4758,0.8117544318933527,1.0685397721726597
65,4759,1.517717576417493,0.8958329542403625
65,4760,0.8620504345574231,1.004347263617511
102,1453,-1.215524914400018,0.13311859667625148
102,1454,0.1584105878092154,0.702540581920673
102,1455,0.36470458058304195,1.1318129280990048
102,1456,-1.4671928017449378,0.3658880250322075
102,1457,-0.8822688212546972,0.667193866917742
102,1458,-0.36180700277167427,0.5494684043705738
102,1459,-0.856899594380989,0.4048042099329602
102,1460,-0.6421829739420664,0.9640729557038783
102,1461,0.4477345562093312,0.9304458003019547
102,1462,-0.36711731956365307,0.7069676891420125
102,1463,-0.4916841728268784,0.5704989090844597
102,1464,-1.1077302024793936,0.30262791516509957
102,1465,-0.6392724901031194,1.2535721902774344
102,1466,-0.8450075559111248,0.6276915446549189
102,1467,0.24293146040137198,1.0232110211402516
102,1468,0.3595205449058407,0.7140257919705462
102,1469,0.39559623928494553,0.6900085825677491
102,1470,1.4358243912847328,0.7847298249013815
102,1471,-0.8626832348176049,0.08638515596587544
102,1472,-0.867656279229824,0.18340049190854774
102,1473,-0.09834786609271828,1.0880116208911348
102,1474,-0.14774945548934001,1.2273199355178672
102,1475,-1.5908337519926719,-0.1251421869306574
102,1476,-0.6975913376557173,0.3011561857779397
102,1478,-1.0247276383859796,0.029412863169522796
102,1479,0.034479884957487356,1.0445725801240706
102,1480,-0.7013072317901089,0.9858144383412581
102,1481,-1.0311948870679137,0.5031783805191445
102,1482,-0.7208423803497144,0.24151742478489818
102,1483,-0.12290154327650113,0.6263531240569142
149,3792,0.1269734880691071,0.8206138475913962
149,3794,-0.2398617057033788,1.075661303666153
149,3795,-1.0920351637117782,0.12437036754756707
149,3797,0.596039681783784,0.6215619737712088
149,3798,0.24663803403975473,0.7397300636326316
149,3800,0.5089354053261861,0.8663977976349109
149,3803,-0.9041529496931773,1.0368266156505177
149,3805,-0.8588595287469999,0.9758048320006849
149,3806,0.644486278169767,0.912604080443085
149,3807,-0.5446449766333823,1.2024946808876864
149,3808,0.6519380784338752,1.0655129446281872
149,3809,0.35580677547346806,1.1426079062718635
149,3812,-0.30606877771428764,1.3234468582342793
149,3793,-0.8559361546974894,0.43211025325829844
149,3796,0.20822419383307283,1.045579279808282
149,3799,1.0205186250036173,0.6156773953236624
149,3801,-1.213574126643329,0.353494365707554
149,3802,1.2434868087345534,1.2200366673382534
149,3804,1.553472737079515,1.0835678277284062
149,3810,-0.36716348539381827,0.6986008587677479
149,3811,0.326045823161223,0.9797866982778819
149,3813,1.1917590053712184,0.7212883350760485
154,3914,1.0260229859063756,0.8207917011799191
154,3915,-0.6244367538766213,1.4722514113220893
154,3919,-0.7695305921975262,0.7181370437138987
154,3920,0.19270590847997443,0.30689804716238284
154,3921,-1.0155063447264152,0.577983540351839
154,3924,-0.056465425881535636,1.5605786276418199
154,3926,0.9584745101669303,0.3918910585743724
154,3927,1.162183124362463,1.0235865906230524
154,3930,-0.34955144454156345,0.9273340482579817
154,3932,-0.7868802302225107,1.0709837596378933
154,3933,0.433232355141085,0.9948364496489015
154,3934,0.5814389826318329,1.0606316252538917
154,3935,-1.1423574138409485,0.3802112877120867
154,3936,0.45206208651323826,0.9556480915099405
154,3937,0.5678757376227141,1.0297046031818846
154,3916,0.20410670830727978,1.3967809858857225
154,3917,-0.2600916826168931,0.4963184118906556
154,3918,1.0822871302107435,1.4489233675024367
154,3922,1.4244501462276378,0.649609556017169
154,3923,-1.240542997724043,0.36835691766998957
154,3925,1.4166417858526164,0.6858625398774967
154,3928,1.2166541571934757,0.2750610725415593
154,3929,0.7620378832438711,0.627142464554195
154,3931,1.02568992810692,0.5606342260740447
101,1432,1.2854674824268453,0.11954928604861628
101,1433,0.44629569919521417,0.9664863166163773
101,1434,0.17504498851983324,1.3424859536124139
101,1435,0.44266376482934566,0.848856353487037
101,1436,-0.3813457021420448,0.9072462593929882
101,1437,1.3140856273056334,0.25413648273554623
101,1438,-0.5289807432873236,0.9696787552219178
101,1439,0.46534429524137133,0.4573984127560816
101,1440,0.7729376584669467,0.4512803512474022
101,1441,0.20162149240074798,0.31493633288271294
101,1442,0.6500915833818526,0.7853822940905699
101,1443,0.22614829071455742,0.8240053934344096
101,1444,0.8293453174153683,0.3730961672383081
101,1445,1.7186992115951676,0.20325650062646172
101,1446,0.8466948840907175,0.4838918337730006
101,1447,0.8466948840907175,0.4838918337730006
101,1448,0.23070292875458273,0.8512573676586828
101,1449,1.562638193510765,0.504703575518034
101,1450,1.3748997054354701,0.8534040023411273
101,1451,0.19571058402031777,0.9043908220924133
101,1452,1.4555997583088112,0.854676245730476
160,4079,0.9128907151995033,0.5077000146976679
160,4080,0.1827812081088801,1.0933923332894548
160,4081,0.7150572663682223,0.7311558682046513
160,4086,1.1583308377356014,0.9156078230372013
160,4087,1.177701698753812,0.8727393161338601
160,4088,-0.22659195104025143,0.20207032471266095
160,4089,1.057920838921217,1.0598419420868208
160,4090,0.6157376391792818,1.16921937087435
160,4093,0.5781762361719397,0.6937671152168234
160,4095,0.5652069508800406,0.9472494205698424
160,4096,0.5158337173350512,0.8041078421010582
160,4082,1.3907961962786581,0.4648172062234284
160,4083,0.901803778540151,1.4458153355633203
160,4084,0.8785019880510714,1.0823159470840156
160,4085,1.4965712167048189,0.5817031044243641
160,4091,-0.8620595342687453,0.4008821567575347
160,4092,1.726084753510281,1.2742675131270136
160,4094,1.559668651360185,1.1938406791104477
160,4097,1.7376803540937156,1.1344548589745913
151,3843,0.5802003341189753,0.9235233713711064
151,3844,-0.0034105059372958792,0.8245116145698531
151,3845,-0.5527920802858662,0.43416255274812643
151,3846,-0.6395087466491887,0.8604024700286566
151,3847,-0.411610138811653,0.45708857339845677
151,3848,-0.7269071992622224,0.6481172547045322
151,3849,-0.4759414389811751,0.8100273504790838
151,3850,0.6125288701667225,0.2556858582427881
151,3851,-0.16670867445566162,1.1316312295656887
151,3852,-1.4054283876573739,0.2632770881171909
151,3853,0.10154992740821017,1.1779035334137602
151,3854,-0.02462996045619134,1.0558206228021887
151,3855,1.0567554119337224,0.4261476161096163
151,3856,-0.07381102010794911,0.8822180693361434
151,3857,1.0264595389061508,1.0370158964441774
151,3858,1.3936099274153257,1.21374727017041
151,3859,-0.5457428926821293,1.7908057121235768
151,3860,0.1375140537348172,1.5208685353921325
151,3861,-1.218914004474078,0.04808932558803896
151,3862,-0.10040790759148785,0.5630066189972144
151,3863,0.2952933915536253,0.6064029808587204
151,3864,0.04460304900274055,1.118399186223342
151,3865,0.1733361884821604,0.7896668152851463
151,3866,-0.017424825998588966,1.5315894931826959
151,3867,-0.9136587862704476,0.39033542233714524
151,3868,0.7268227898350519,0.10782210815415749
177,4502,1.3084655804412721,0.9103795680305722
177,4508,0.9572009752237581,1.1704047770066364
177,4511,1.0666066366350986,0.5221267384491581
177,4512,1.1018451980063784,0.8024467769968844
177,4503,0.7153031468171338,0.5847440641156669
177,4504,0.510376145962341,0.5392346385434346
177,4505,1.4985700697171307,0.5223184889566532
177,4506,0.8647913871144343,1.3223383682601728
177,4507,1.2825191154623228,0.5314068715399395
177,4509,0.5201814509276864,0.788075698856022
177,4510,0.9448578329845092,0.6478864258662157
117,2417,1.143455369144588,0.7744497270446389
117,2419,0.9553011803755117,0.7647148937754361
117,2420,0.39679447004809854,0.3354263431753673
117,2421,0.20966561693894928,0.9743308845132095
117,2422,1.2321084042292552,0.7766462057576693
117,2424,-0.3233876360144597,0.08929070238585478
117,2429,1.2483243334026506,0.5774970400675596
117,2418,0.6902982370327105,1.1809224359666042
117,2423,1.2473632521106834,0.8757677560486773
117,2425,1.2188839447700217,0.8544701589314634
117,2427,1.2600408786851713,0.6384879126887502
117,2428,0.8676496887793355,0.9125217821347962
117,2430,1.2450805078484777,1.0232700293214327
22,1328,-0.5960206436773386,0.8921720701908256
22,1329,-0.8155340081343521,0.5456461228088166
22,1330,-1.0656941019775348,0.8141983248738003
22,1331,-1.2277347186693734,0.9094873181421552
22,1332,1.073241557890889,0.582325490511631
22,1327,-0.7449322213156339,0.9573415162699926
82,5268,-1.0954467095020008,0.6036306247635181
82,5272,-0.24489682236409765,0.6092275381492167
82,5273,-0.12782347794041107,0.734388604716661
82,5267,-0.910216973856856,1.1058244878245977
82,5269,-1.1677854598206077,0.931582986479286
82,5270,-1.0011249314964905,0.9341148212860508
82,5271,0.9009535198474126,0.28139032222173477
82,5274,0.13812157383012452,0.8450654683502983
123,2614,1.127528400218686,0.8288311443799189
123,2615,-0.05545257465238848,0.8686660339254302
123,2616,0.38519155097855334,0.7719154669274366
123,2618,-1.3878201169747262,0.3317682327685344
123,2619,-0.767265812809341,0.5097551385271519
123,2620,-0.4798198065687763,1.2144130663071726
123,2622,0.014885560410561077,0.5715302155497453
123,2626,0.29030733648643947,0.5645045019092707
123,2617,0.9886163296260956,0.8517493428593926
123,2623,-0.3638811438828218,0.45055902630634104
123,2624,0.577112406694967,1.1623292596903272
123,2625,-0.8476726040472276,0.7220713193402565
69,4835,-1.0269304154024206,0.6322558919514232
69,4836,0.17103754705444396,1.6101773473108847
69,4837,-1.1454614837784731,0.7165336365244747
69,4838,1.1394595009074977,1.3009233370582327
55,4327,1.137590322515948,0.18426451243559183
55,4428,1.18636775780001,0.8246006547118353
55,4473,0.8386817828725595,1.0005678540549
55,4527,0.11077232023106037,0.3929970342518107
9,390,0.921209270473583,0.9964709083361563
9,391,0.43830662128911,0.5249882905349558
9,392,0.664453700634745,0.7305692296743513
9,393,0.3794164387221238,0.8438011956145788
9,394,0.9077818472046858,1.1060571758994764
12,575,0.14332607802191077,1.356718378343319
12,576,1.4905333443892932,0.7180869806533063
12,577,1.0111415929074479,1.21867244730597
13,607,0.2939352841745809,0.5342717298193822
13,608,0.22725109592829476,1.0652959421582904
13,609,0.9422287684277488,0.2766921845887325
13,610,-0.1167639168850364,1.1365350419261797
13,611,0.8144498038823416,0.3975622978665866
13,612,0.10226009629355237,0.8526490471004253
13,613,0.493903447693514,1.0098789331775457
13,614,-0.08599179623454516,1.2283803667472148
13,615,0.902852780008824,1.0067925560759954
13,616,0.14225275613062308,0.2759541247691577
13,617,-0.10664284439597181,0.9788210014457055
13,618,0.8511942790654089,1.0165889135886979
37,2548,1.071322810724526,0.7852234626495473
37,2549,0.2892222755299956,1.0307608934520824
37,2550,-0.28494466572502714,0.48138094408081866
37,2551,1.0427635765162968,0.7267102875685159
37,2552,1.125872557627144,0.7503907381344955
37,2553,-0.1900901804819996,1.0510267597813332
37,2554,0.03451313169650028,0.9971166703845185
37,2555,0.8356889636185916,0.8927206903603739
37,2556,-0.6506712554486794,0.5022726060677557
37,2557,0.6881007821979866,0.93942325609039
37,2558,-0.552197807997348,0.6063141343063313
37,2559,0.6409249716793388,0.8719585599846211
37,2560,1.2576918002705235,0.815143824288201
37,2561,0.2953690701559263,1.03201913229474
37,2562,-0.2064794036597255,0.8277405787632656
37,2563,0.3153997122949796,1.1138214268726463
37,2564,1.3599956368511292,0.7802788347993996
37,2565,0.9658080536919998,0.7949264769970663
48,4821,-0.9437028952350324,0.9698477181076136
48,4822,0.49138324273493433,0.30795580033736025
48,4823,-0.0943325138085535,1.2154045837729763
5,290,0.2118724909639486,0.5026271106539396
5,291,-0.0017087977041821134,0.9202321323237256
5,292,0.4828398291877623,1.2114124924756142
5,293,-0.1985414160792722,1.15395623061761
5,294,0.1909159855313327,0.6272978173673064
5,295,-0.7795645989148611,1.070163807681007
5,296,-0.7987878579035511,0.5162995036157698
5,297,0.34121670005269455,1.52114770197327
5,298,-0.9771981035204849,0.27274892966815645
5,299,-0.3766643124044189,1.4535559183387938
5,300,-0.20158016849640797,1.0039637656518732
5,301,-0.19574815579940288,0.26371291348984927
